{
    "all_splits_metric": {
        "threshold": 0.517241358757019,
        "f1_macro": 0.663467063462223,
        "f1_true": 0.488116353316779,
        "f1_false": 0.838817773607667
    },
    "test_split_metric": {
        "threshold": 0.4736842215061188,
        "f1_macro": 0.6879953686377647,
        "f1_true": 0.527369826435247,
        "f1_false": 0.8486209108402822
    }
}