{
    "test_loss": 0.4327073097229004,
    "test_f1_micro": 0.8036797807790175,
    "test_f1_macro": 0.8032810957173334,
    "test_f1_weighted": 0.8030436180936347,
    "test_precision_micro": 0.8036797807790175,
    "test_precision_macro": 0.8094722054425726,
    "test_precision_weighted": 0.8108014553234889,
    "test_recall_micro": 0.8036797807790175,
    "test_recall_macro": 0.805466157565861,
    "test_recall_weighted": 0.8036797807790175,
    "test_f1_true": 0.8121371043266529,
    "test_f1_false": 0.794425087108014,
    "test_precision_true": 0.7599018576936558,
    "test_precision_false": 0.8590425531914894,
    "test_recall_true": 0.8720836685438456,
    "test_recall_false": 0.7388486465878765,
    "epochs_trained_total": 3.8397212543554007,
    "epochs_trained_best": 1.818815331010453
}