{
    "test_ARGUMENT_PROB_REGRESSION_TASK_loss": 0.4123542606830597,
    "test_STRENGTH_REGRESSION_TASK_loss": 0.545863151550293,
    "test_ARGUMENT_DETECTION_TASK_loss": 0.4703531563282013,
    "test_loss": 1.428570568561554,
    "test_STRENGTH_REGRESSION_TASK-mean_squared_error": 0.02999248169362545,
    "test_STRENGTH_REGRESSION_TASK-root_mean_squared_error": 0.1731833815574646,
    "test_STRENGTH_REGRESSION_TASK-spearman": 0.4611616667867516,
    "test_STRENGTH_REGRESSION_TASK-pearson": 0.5133279370091404,
    "test_ARGUMENT_DETECTION_TASK-f1_micro": 0.774858528698464,
    "test_ARGUMENT_DETECTION_TASK-f1_macro": 0.7662791723202171,
    "test_ARGUMENT_DETECTION_TASK-f1_weighted": 0.781012497408599,
    "test_ARGUMENT_DETECTION_TASK-precision_micro": 0.774858528698464,
    "test_ARGUMENT_DETECTION_TASK-precision_macro": 0.766730572597137,
    "test_ARGUMENT_DETECTION_TASK-precision_weighted": 0.8161048730932579,
    "test_ARGUMENT_DETECTION_TASK-recall_micro": 0.774858528698464,
    "test_ARGUMENT_DETECTION_TASK-recall_macro": 0.7982334447278163,
    "test_ARGUMENT_DETECTION_TASK-recall_weighted": 0.774858528698464,
    "test_ARGUMENT_DETECTION_TASK-f1_true": 0.8110583446404342,
    "test_ARGUMENT_DETECTION_TASK-f1_false": 0.7215,
    "test_ARGUMENT_DETECTION_TASK-precision_true": 0.9167944785276073,
    "test_ARGUMENT_DETECTION_TASK-precision_false": 0.6166666666666667,
    "test_ARGUMENT_DETECTION_TASK-recall_true": 0.7271897810218978,
    "test_ARGUMENT_DETECTION_TASK-recall_false": 0.869277108433735,
    "test_ARGUMENT_PROB_REGRESSION_TASK-mean_squared_error": 0.05416124686598778,
    "test_ARGUMENT_PROB_REGRESSION_TASK-root_mean_squared_error": 0.23272569477558136,
    "test_ARGUMENT_PROB_REGRESSION_TASK-spearman": 0.6932750986895382,
    "test_ARGUMENT_PROB_REGRESSION_TASK-pearson": 0.69069808314694,
    "epochs_trained_total": 4.13550135501355,
    "epochs_trained_best": 1.109524753784123
}