{
    "all_splits_metric": {
        "f1_false_mean": 0.7119247468071319,
        "f1_false_std": 0.013787804846021262,
        "f1_macro_mean": 0.6755123328314389,
        "f1_macro_std": 0.011653504531162397,
        "f1_true_mean": 0.6390999188557459,
        "f1_true_std": 0.010639693575854916,
        "threshold_mean": 0.7077770431836446,
        "threshold_std": 0.03189294664174588
    },
    "test_split_metric": {
        "f1_false_mean": 0.7151633180154002,
        "f1_false_std": 0.01358874090107671,
        "f1_macro_mean": 0.702376547015616,
        "f1_macro_std": 0.014448333106276615,
        "f1_true_mean": 0.6895897760158318,
        "f1_true_std": 0.019878834671275946,
        "threshold_mean": 0.6892663637797037,
        "threshold_std": 0.03748210897276966
    }
}