{
    "all_splits_metric": {
        "f1_false_mean": 0.7056697543502445,
        "f1_false_std": 0.013258856157637451,
        "f1_macro_mean": 0.6769788095751679,
        "f1_macro_std": 0.008899053246102429,
        "f1_true_mean": 0.648287864800091,
        "f1_true_std": 0.005512713197293638,
        "threshold_mean": 0.6755776007970175,
        "threshold_std": 0.030267415943189616
    },
    "test_split_metric": {
        "f1_false_mean": 0.7270636147855897,
        "f1_false_std": 0.0028803612561200858,
        "f1_macro_mean": 0.7075280198743217,
        "f1_macro_std": 0.007687940200113239,
        "f1_true_mean": 0.6879924249630536,
        "f1_true_std": 0.017563227806822165,
        "threshold_mean": 0.6881945133209229,
        "threshold_std": 0.039500682508051
    }
}