{
    "epochs_trained_best_mean": 1.3965936739659366,
    "epochs_trained_best_std": 0.3372090732665774,
    "epochs_trained_total_mean": 3.440389294403893,
    "epochs_trained_total_std": 0.33720907326657756,
    "test_f1_false_mean": 0.5904358253113356,
    "test_f1_false_std": 0.10837192625970048,
    "test_f1_macro_mean": 0.6819499242516885,
    "test_f1_macro_std": 0.06573750700309917,
    "test_f1_micro_mean": 0.7099164645648073,
    "test_f1_micro_std": 0.04591385765087954,
    "test_f1_true_mean": 0.7734640231920414,
    "test_f1_true_std": 0.023486198585259514,
    "test_f1_weighted_mean": 0.7329262994381497,
    "test_f1_weighted_std": 0.028603240731854537,
    "test_loss_mean": 0.6199194391568502,
    "test_loss_std": 0.11331265437127262,
    "test_precision_false_mean": 0.4611111111111111,
    "test_precision_false_std": 0.12013995377657488,
    "test_precision_macro_mean": 0.6971327539195636,
    "test_precision_macro_std": 0.0496912886390713,
    "test_precision_micro_mean": 0.7099164645648073,
    "test_precision_micro_std": 0.045913857650879554,
    "test_precision_true_mean": 0.9331543967280164,
    "test_precision_true_std": 0.023537518053687232,
    "test_precision_weighted_mean": 0.8232586544655683,
    "test_precision_weighted_std": 0.02641664340795602,
    "test_recall_false_mean": 0.863858539630146,
    "test_recall_false_std": 0.018219854593887322,
    "test_recall_macro_mean": 0.7632092489717989,
    "test_recall_macro_std": 0.018756238838874995,
    "test_recall_micro_mean": 0.7099164645648073,
    "test_recall_micro_std": 0.045913857650879554,
    "test_recall_true_mean": 0.6625599583134517,
    "test_recall_true_std": 0.0427113222036606,
    "test_recall_weighted_mean": 0.7099164645648073,
    "test_recall_weighted_std": 0.045913857650879554
}