{
    "epochs_trained_best_mean": 1.9535423925667825,
    "epochs_trained_best_std": 0.0952664188358182,
    "epochs_trained_total_mean": 3.9744483159117308,
    "epochs_trained_total_std": 0.0952664188358181,
    "test_f1_false_mean": 0.7889727489362003,
    "test_f1_false_std": 0.007116288255122473,
    "test_f1_macro_mean": 0.7998700904066923,
    "test_f1_macro_std": 0.0048980484494505466,
    "test_f1_micro_mean": 0.8004828081163958,
    "test_f1_micro_std": 0.004660291362544163,
    "test_f1_true_mean": 0.8107674318771845,
    "test_f1_true_std": 0.002722698830677199,
    "test_f1_weighted_mean": 0.7998221430001289,
    "test_f1_weighted_std": 0.004680128609081916,
    "test_loss_mean": 0.4362997015317281,
    "test_loss_std": 0.004303989855497972,
    "test_precision_false_mean": 0.8450059101654847,
    "test_precision_false_std": 0.016235483839748464,
    "test_precision_macro_mean": 0.8051411137461376,
    "test_precision_macro_std": 0.005857557814132226,
    "test_precision_micro_mean": 0.8004828081163958,
    "test_precision_micro_std": 0.004660291362544163,
    "test_precision_true_mean": 0.7652763173267906,
    "test_precision_true_std": 0.004757395273163314,
    "test_precision_weighted_mean": 0.8056801600820834,
    "test_precision_weighted_std": 0.006581959116699625,
    "test_recall_false_mean": 0.7400387798472773,
    "test_recall_false_std": 0.0010198850811649956,
    "test_recall_macro_mean": 0.8011110070654214,
    "test_recall_macro_std": 0.0058041050400790975,
    "test_recall_micro_mean": 0.8004828081163958,
    "test_recall_micro_std": 0.004660291362544163,
    "test_recall_true_mean": 0.8621832342835657,
    "test_recall_true_std": 0.011611155154094496,
    "test_recall_weighted_mean": 0.8004828081163958,
    "test_recall_weighted_std": 0.004660291362544163
}