{
    "epochs_trained_best_mean": 3.153248587570621,
    "epochs_trained_best_std": 0.5593102189444356,
    "epochs_trained_total_mean": 6.1723163841807915,
    "epochs_trained_total_std": 0.5593102189444358,
    "test_ARGUMENT_DETECTION_TASK-f1_false_mean": 0.7921769735698643,
    "test_ARGUMENT_DETECTION_TASK-f1_false_std": 0.004680476993071262,
    "test_ARGUMENT_DETECTION_TASK-f1_macro_mean": 0.8008006162216642,
    "test_ARGUMENT_DETECTION_TASK-f1_macro_std": 0.0037402538455902734,
    "test_ARGUMENT_DETECTION_TASK-f1_micro_mean": 0.8013309845370914,
    "test_ARGUMENT_DETECTION_TASK-f1_micro_std": 0.00402087269214603,
    "test_ARGUMENT_DETECTION_TASK-f1_true_mean": 0.809424258873464,
    "test_ARGUMENT_DETECTION_TASK-f1_true_std": 0.008171922267875347,
    "test_ARGUMENT_DETECTION_TASK-f1_weighted_mean": 0.8008536576747686,
    "test_ARGUMENT_DETECTION_TASK-f1_weighted_std": 0.003915580677437365,
    "test_ARGUMENT_DETECTION_TASK-precision_false_mean": 0.8580082742316785,
    "test_ARGUMENT_DETECTION_TASK-precision_false_std": 0.028981664210853606,
    "test_ARGUMENT_DETECTION_TASK-precision_macro_mean": 0.8072609428174399,
    "test_ARGUMENT_DETECTION_TASK-precision_macro_std": 0.0031480215015856697,
    "test_ARGUMENT_DETECTION_TASK-precision_micro_mean": 0.8013309845370914,
    "test_ARGUMENT_DETECTION_TASK-precision_micro_std": 0.00402087269214603,
    "test_ARGUMENT_DETECTION_TASK-precision_true_mean": 0.7565136114032013,
    "test_ARGUMENT_DETECTION_TASK-precision_true_std": 0.027606958746737065,
    "test_ARGUMENT_DETECTION_TASK-precision_weighted_mean": 0.8103451527780198,
    "test_ARGUMENT_DETECTION_TASK-precision_weighted_std": 0.004217108642325583,
    "test_ARGUMENT_DETECTION_TASK-recall_false_mean": 0.7367645294197903,
    "test_ARGUMENT_DETECTION_TASK-recall_false_std": 0.01602889223949454,
    "test_ARGUMENT_DETECTION_TASK-recall_macro_mean": 0.8042892165108543,
    "test_ARGUMENT_DETECTION_TASK-recall_macro_std": 0.0028336952067974084,
    "test_ARGUMENT_DETECTION_TASK-recall_micro_mean": 0.8013309845370914,
    "test_ARGUMENT_DETECTION_TASK-recall_micro_std": 0.00402087269214603,
    "test_ARGUMENT_DETECTION_TASK-recall_true_mean": 0.8718139036019182,
    "test_ARGUMENT_DETECTION_TASK-recall_true_std": 0.01836305639520532,
    "test_ARGUMENT_DETECTION_TASK-recall_weighted_mean": 0.8013309845370914,
    "test_ARGUMENT_DETECTION_TASK-recall_weighted_std": 0.00402087269214603,
    "test_ARGUMENT_DETECTION_TASK_loss_mean": 0.47363483905792236,
    "test_ARGUMENT_DETECTION_TASK_loss_std": 0.024417062969958214,
    "test_ARGUMENT_PROB_REGRESSION_TASK-mean_squared_error_mean": 0.03864016756415367,
    "test_ARGUMENT_PROB_REGRESSION_TASK-mean_squared_error_std": 0.0006601073967510234,
    "test_ARGUMENT_PROB_REGRESSION_TASK-pearson_mean": 0.8047832969179399,
    "test_ARGUMENT_PROB_REGRESSION_TASK-pearson_std": 0.0031378551718033994,
    "test_ARGUMENT_PROB_REGRESSION_TASK-root_mean_squared_error_mean": 0.19656386971473694,
    "test_ARGUMENT_PROB_REGRESSION_TASK-root_mean_squared_error_std": 0.0016774640045452115,
    "test_ARGUMENT_PROB_REGRESSION_TASK-spearman_mean": 0.781688101796331,
    "test_ARGUMENT_PROB_REGRESSION_TASK-spearman_std": 0.0014433311343124233,
    "test_ARGUMENT_PROB_REGRESSION_TASK_loss_mean": 0.4053680896759033,
    "test_ARGUMENT_PROB_REGRESSION_TASK_loss_std": 0.007339323628043309,
    "test_STRENGTH_REGRESSION_TASK-mean_squared_error_mean": 0.02612171011666457,
    "test_STRENGTH_REGRESSION_TASK-mean_squared_error_std": 0.0001728627815412138,
    "test_STRENGTH_REGRESSION_TASK-pearson_mean": 0.5410290223299927,
    "test_STRENGTH_REGRESSION_TASK-pearson_std": 0.0015042854591432793,
    "test_STRENGTH_REGRESSION_TASK-root_mean_squared_error_mean": 0.1616212377945582,
    "test_STRENGTH_REGRESSION_TASK-root_mean_squared_error_std": 0.0005342401003356764,
    "test_STRENGTH_REGRESSION_TASK-spearman_mean": 0.49332418516073434,
    "test_STRENGTH_REGRESSION_TASK-spearman_std": 0.001264422458881139,
    "test_STRENGTH_REGRESSION_TASK_loss_mean": 0.38639835516611737,
    "test_STRENGTH_REGRESSION_TASK_loss_std": 0.002294422085332444,
    "test_loss_mean": 1.265401283899943,
    "test_loss_std": 0.02378036359796194
}