{
    "epochs_trained_best_mean": 1.7482813373716823,
    "epochs_trained_best_std": 0.5842547011352012,
    "epochs_trained_total_mean": 4.7741644083107495,
    "epochs_trained_total_std": 0.5842202201111634,
    "test_ARGUMENT_DETECTION_TASK-f1_false_mean": 0.7137127720416272,
    "test_ARGUMENT_DETECTION_TASK-f1_false_std": 0.02974743528777662,
    "test_ARGUMENT_DETECTION_TASK-f1_macro_mean": 0.7612130046546982,
    "test_ARGUMENT_DETECTION_TASK-f1_macro_std": 0.01968739694625753,
    "test_ARGUMENT_DETECTION_TASK-f1_micro_mean": 0.7708164915117219,
    "test_ARGUMENT_DETECTION_TASK-f1_micro_std": 0.016422149269946167,
    "test_ARGUMENT_DETECTION_TASK-f1_true_mean": 0.8087132372677693,
    "test_ARGUMENT_DETECTION_TASK-f1_true_std": 0.0096279812276444,
    "test_ARGUMENT_DETECTION_TASK-f1_weighted_mean": 0.777847209100293,
    "test_ARGUMENT_DETECTION_TASK-f1_weighted_std": 0.013703165028787462,
    "test_ARGUMENT_DETECTION_TASK-precision_false_mean": 0.6068376068376069,
    "test_ARGUMENT_DETECTION_TASK-precision_false_std": 0.0439942684158331,
    "test_ARGUMENT_DETECTION_TASK-precision_macro_mean": 0.7623911960568401,
    "test_ARGUMENT_DETECTION_TASK-precision_macro_std": 0.017838553015753544,
    "test_ARGUMENT_DETECTION_TASK-precision_micro_mean": 0.7708164915117219,
    "test_ARGUMENT_DETECTION_TASK-precision_micro_std": 0.016422149269946208,
    "test_ARGUMENT_DETECTION_TASK-precision_true_mean": 0.9179447852760735,
    "test_ARGUMENT_DETECTION_TASK-precision_true_std": 0.008336234079304904,
    "test_ARGUMENT_DETECTION_TASK-precision_weighted_mean": 0.816524507067938,
    "test_ARGUMENT_DETECTION_TASK-precision_weighted_std": 0.0008201723757765376,
    "test_ARGUMENT_DETECTION_TASK-recall_false_mean": 0.8692902165625694,
    "test_ARGUMENT_DETECTION_TASK-recall_false_std": 0.003406940226960563,
    "test_ARGUMENT_DETECTION_TASK-recall_macro_mean": 0.7962240766682142,
    "test_ARGUMENT_DETECTION_TASK-recall_macro_std": 0.008525941918417951,
    "test_ARGUMENT_DETECTION_TASK-recall_micro_mean": 0.7708164915117219,
    "test_ARGUMENT_DETECTION_TASK-recall_micro_std": 0.016422149269946208,
    "test_ARGUMENT_DETECTION_TASK-recall_true_mean": 0.7231579367738589,
    "test_ARGUMENT_DETECTION_TASK-recall_true_std": 0.02042035698959447,
    "test_ARGUMENT_DETECTION_TASK-recall_weighted_mean": 0.7708164915117219,
    "test_ARGUMENT_DETECTION_TASK-recall_weighted_std": 0.016422149269946208,
    "test_ARGUMENT_DETECTION_TASK_loss_mean": 0.48296818137168884,
    "test_ARGUMENT_DETECTION_TASK_loss_std": 0.028794707505657612,
    "test_ARGUMENT_PROB_REGRESSION_TASK-mean_squared_error_mean": 0.05274903277556101,
    "test_ARGUMENT_PROB_REGRESSION_TASK-mean_squared_error_std": 0.0010307031606975286,
    "test_ARGUMENT_PROB_REGRESSION_TASK-pearson_mean": 0.702882234198673,
    "test_ARGUMENT_PROB_REGRESSION_TASK-pearson_std": 0.00900614211703097,
    "test_ARGUMENT_PROB_REGRESSION_TASK-root_mean_squared_error_mean": 0.2296606699625651,
    "test_ARGUMENT_PROB_REGRESSION_TASK-root_mean_squared_error_std": 0.0022383646920192167,
    "test_ARGUMENT_PROB_REGRESSION_TASK-spearman_mean": 0.7015779658461004,
    "test_ARGUMENT_PROB_REGRESSION_TASK-spearman_std": 0.007525650534167171,
    "test_ARGUMENT_PROB_REGRESSION_TASK_loss_mean": 0.40173396468162537,
    "test_ARGUMENT_PROB_REGRESSION_TASK_loss_std": 0.007967846099506034,
    "test_STRENGTH_REGRESSION_TASK-mean_squared_error_mean": 0.029369238764047623,
    "test_STRENGTH_REGRESSION_TASK-mean_squared_error_std": 0.0005254353526082475,
    "test_STRENGTH_REGRESSION_TASK-pearson_mean": 0.5198962554103472,
    "test_STRENGTH_REGRESSION_TASK-pearson_std": 0.00585583885137635,
    "test_STRENGTH_REGRESSION_TASK-root_mean_squared_error_mean": 0.17136768996715546,
    "test_STRENGTH_REGRESSION_TASK-root_mean_squared_error_std": 0.001533864159519608,
    "test_STRENGTH_REGRESSION_TASK-spearman_mean": 0.468092120049814,
    "test_STRENGTH_REGRESSION_TASK-spearman_std": 0.007012200487960229,
    "test_STRENGTH_REGRESSION_TASK_loss_mean": 0.534419039885203,
    "test_STRENGTH_REGRESSION_TASK_loss_std": 0.009556498578782862,
    "test_loss_mean": 1.4191211859385173,
    "test_loss_std": 0.03575459707151335
}