{
    "test_STRENGTH_REGRESSION_TASK_loss": 0.04112638905644417,
    "test_ARGUMENT_PROB_REGRESSION_TASK_loss": 0.031925179064273834,
    "test_loss": 0.073051568120718,
    "test_STRENGTH_REGRESSION_TASK-mean_squared_error": 0.025677192956209183,
    "test_STRENGTH_REGRESSION_TASK-root_mean_squared_error": 0.1602410525083542,
    "test_STRENGTH_REGRESSION_TASK-spearman": 0.5110533160656546,
    "test_STRENGTH_REGRESSION_TASK-pearson": 0.5610223599756883,
    "test_ARGUMENT_PROB_REGRESSION_TASK-mean_squared_error": 0.031925179064273834,
    "test_ARGUMENT_PROB_REGRESSION_TASK-root_mean_squared_error": 0.17867618799209595,
    "test_ARGUMENT_PROB_REGRESSION_TASK-spearman": 0.8257618447941133,
    "test_ARGUMENT_PROB_REGRESSION_TASK-pearson": 0.8466746617303269,
    "epochs_trained_total": 7.835616438356165,
    "epochs_trained_best": 4.821917808219178
}