{
    "test_STRENGTH_REGRESSION_TASK_loss": 0.051288802176713943,
    "test_ARGUMENT_PROB_REGRESSION_TASK_loss": 0.039947595447301865,
    "test_loss": 0.09123639762401581,
    "test_STRENGTH_REGRESSION_TASK-mean_squared_error": 0.028493782505393028,
    "test_STRENGTH_REGRESSION_TASK-root_mean_squared_error": 0.16880100965499878,
    "test_STRENGTH_REGRESSION_TASK-spearman": 0.4719639273487973,
    "test_STRENGTH_REGRESSION_TASK-pearson": 0.5321512947753734,
    "test_ARGUMENT_PROB_REGRESSION_TASK-mean_squared_error": 0.039979465305805206,
    "test_ARGUMENT_PROB_REGRESSION_TASK-root_mean_squared_error": 0.19994865357875824,
    "test_ARGUMENT_PROB_REGRESSION_TASK-spearman": 0.7756073849981402,
    "test_ARGUMENT_PROB_REGRESSION_TASK-pearson": 0.7831172371450648,
    "epochs_trained_total": 6.519660755589823,
    "epochs_trained_best": 3.5105865607022126
}