{
    "all_splits_metric": {
        "f1_false_mean": 0.26001923856433135,
        "f1_false_std": 0.00830597647269244,
        "f1_macro_mean": 0.5988849772321211,
        "f1_macro_std": 0.003590708303657451,
        "f1_true_mean": 0.9377507158999109,
        "f1_true_std": 0.0011245598653774596,
        "threshold_mean": 0.488515168428421,
        "threshold_std": 0.00012762065729098713
    },
    "test_split_metric": {
        "f1_false_mean": 0.22718700385077584,
        "f1_false_std": 0.0010916448995976669,
        "f1_macro_mean": 0.5845389579083121,
        "f1_macro_std": 0.003789803980900213,
        "f1_true_mean": 0.9418909119658485,
        "f1_true_std": 0.00648796306220272,
        "threshold_mean": 0.4627605378627777,
        "threshold_std": 0.0404336212657747
    }
}