{
    "all_splits_metric": {
        "f1_false_mean": 0.3391767469615466,
        "f1_false_std": 0.02829709108578899,
        "f1_macro_mean": 0.5992005680987131,
        "f1_macro_std": 0.0037073260990938294,
        "f1_true_mean": 0.8592243892358797,
        "f1_true_std": 0.021079494822278583,
        "threshold_mean": 0.6190236608187357,
        "threshold_std": 0.025303437121028484
    },
    "test_split_metric": {
        "f1_false_mean": 0.3924288596872502,
        "f1_false_std": 0.033244873884475785,
        "f1_macro_mean": 0.6102780356570571,
        "f1_macro_std": 0.002068192756546656,
        "f1_true_mean": 0.828127211626864,
        "f1_true_std": 0.03719771584935675,
        "threshold_mean": 0.6491361856460571,
        "threshold_std": 0.051633952181272834
    }
}