{
    "epochs_trained_best_mean": 1.4647201946472022,
    "epochs_trained_best_std": 0.2099800390305734,
    "epochs_trained_total_mean": 3.508515815085158,
    "epochs_trained_total_std": 0.20998003903057344,
    "test_f1_false_mean": 0.55878965486558,
    "test_f1_false_std": 0.061500715373850406,
    "test_f1_macro_mean": 0.6669934383541953,
    "test_f1_macro_std": 0.037608223291587826,
    "test_f1_micro_mean": 0.7025734303422259,
    "test_f1_micro_std": 0.026157078635259456,
    "test_f1_true_mean": 0.7751972218428106,
    "test_f1_true_std": 0.013724341077318215,
    "test_f1_weighted_mean": 0.7322927485277203,
    "test_f1_weighted_std": 0.015999999397580126,
    "test_loss_mean": 0.65009472767512,
    "test_loss_std": 0.060472534841697276,
    "test_precision_false_mean": 0.40356125356125355,
    "test_precision_false_std": 0.06580764899940586,
    "test_precision_macro_mean": 0.6872100746333875,
    "test_precision_macro_std": 0.028187676384746847,
    "test_precision_micro_mean": 0.7025734303422259,
    "test_precision_micro_std": 0.026157078635259456,
    "test_precision_true_mean": 0.9708588957055214,
    "test_precision_true_std": 0.010091472874822049,
    "test_precision_weighted_mean": 0.8566046031366343,
    "test_precision_weighted_std": 0.013988165299264091,
    "test_recall_false_mean": 0.927404466878151,
    "test_recall_false_std": 0.012503499559762524,
    "test_recall_macro_mean": 0.7865610876002972,
    "test_recall_macro_std": 0.007292295080139817,
    "test_recall_micro_mean": 0.7025734303422259,
    "test_recall_micro_std": 0.026157078635259456,
    "test_recall_true_mean": 0.6457177083224434,
    "test_recall_true_std": 0.023285365029282433,
    "test_recall_weighted_mean": 0.7025734303422259,
    "test_recall_weighted_std": 0.026157078635259456
}