{
    "epochs_trained_best_mean": 1.9198606271777006,
    "epochs_trained_best_std": 0.08250313883938691,
    "epochs_trained_total_mean": 3.940766550522648,
    "epochs_trained_total_std": 0.08250313883938681,
    "test_f1_false_mean": 0.801087620613323,
    "test_f1_false_std": 0.004346685660563004,
    "test_f1_macro_mean": 0.8051083406269234,
    "test_f1_macro_std": 0.009935902106117549,
    "test_f1_micro_mean": 0.8053761336204084,
    "test_f1_micro_std": 0.010160955028406273,
    "test_f1_true_mean": 0.8091290606405238,
    "test_f1_true_std": 0.015688661676661268,
    "test_f1_weighted_mean": 0.8051740949740188,
    "test_f1_weighted_std": 0.009721513463702133,
    "test_loss_mean": 0.43103020389874774,
    "test_loss_std": 0.012955730026105006,
    "test_precision_false_mean": 0.8868203309692673,
    "test_precision_false_std": 0.02350080528006522,
    "test_precision_macro_mean": 0.8138973719339851,
    "test_precision_macro_std": 0.006719551567754968,
    "test_precision_micro_mean": 0.8053761336204085,
    "test_precision_micro_std": 0.01016095502840623,
    "test_precision_true_mean": 0.7409744128987031,
    "test_precision_true_std": 0.03655718576244633,
    "test_precision_weighted_mean": 0.821027524554481,
    "test_precision_weighted_std": 0.0028184827745627848,
    "test_recall_false_mean": 0.7315480090004756,
    "test_recall_false_std": 0.02259185462890732,
    "test_recall_macro_mean": 0.8124067424602733,
    "test_recall_macro_std": 0.00414740522349199,
    "test_recall_micro_mean": 0.8053761336204085,
    "test_recall_micro_std": 0.01016095502840623,
    "test_recall_true_mean": 0.8932654759200708,
    "test_recall_true_std": 0.01572012507620071,
    "test_recall_weighted_mean": 0.8053761336204085,
    "test_recall_weighted_std": 0.01016095502840623
}