{
    "test_loss": 0.4338406026363373,
    "test_f1_micro": 0.8038755137991779,
    "test_f1_macro": 0.8033857083205438,
    "test_f1_weighted": 0.8032185982160687,
    "test_precision_micro": 0.8038755137991779,
    "test_precision_macro": 0.8090909345146207,
    "test_precision_weighted": 0.8098509706992832,
    "test_recall_micro": 0.8038755137991779,
    "test_recall_macro": 0.8049588737959446,
    "test_recall_weighted": 0.8038755137991779,
    "test_f1_true": 0.8131991051454138,
    "test_f1_false": 0.7935723114956738,
    "test_precision_true": 0.7644584647739222,
    "test_precision_false": 0.8537234042553191,
    "test_recall_true": 0.8685782556750299,
    "test_recall_false": 0.7413394919168591,
    "epochs_trained_total": 4.041811846689895,
    "epochs_trained_best": 2.0209059233449476
}