{
    "test_ARGUMENT_PROB_REGRESSION_TASK_loss": 0.041371773928403854,
    "test_STRENGTH_REGRESSION_TASK_loss": 0.03804958611726761,
    "test_loss": 0.07942136004567146,
    "test_STRENGTH_REGRESSION_TASK-mean_squared_error": 0.027095302939414978,
    "test_STRENGTH_REGRESSION_TASK-root_mean_squared_error": 0.164606511592865,
    "test_STRENGTH_REGRESSION_TASK-spearman": 0.46583293587061997,
    "test_STRENGTH_REGRESSION_TASK-pearson": 0.5117774009544611,
    "test_ARGUMENT_PROB_REGRESSION_TASK-mean_squared_error": 0.041371770203113556,
    "test_ARGUMENT_PROB_REGRESSION_TASK-root_mean_squared_error": 0.20340052247047424,
    "test_ARGUMENT_PROB_REGRESSION_TASK-spearman": 0.768132244390612,
    "test_ARGUMENT_PROB_REGRESSION_TASK-pearson": 0.7883816559771347,
    "epochs_trained_total": 5.0228310502283104,
    "epochs_trained_best": 2.009132420091324
}