{
    "test_ARGUMENT_PROB_REGRESSION_TASK_loss": 0.050467297434806824,
    "test_STRENGTH_REGRESSION_TASK_loss": 0.06907471269369125,
    "test_loss": 0.11954201012849808,
    "test_STRENGTH_REGRESSION_TASK-mean_squared_error": 0.028841601684689522,
    "test_STRENGTH_REGRESSION_TASK-root_mean_squared_error": 0.1698281466960907,
    "test_STRENGTH_REGRESSION_TASK-spearman": 0.4737796067736991,
    "test_STRENGTH_REGRESSION_TASK-pearson": 0.5236827090898625,
    "test_ARGUMENT_PROB_REGRESSION_TASK-mean_squared_error": 0.050467297434806824,
    "test_ARGUMENT_PROB_REGRESSION_TASK-root_mean_squared_error": 0.22464928030967712,
    "test_ARGUMENT_PROB_REGRESSION_TASK-spearman": 0.7064935129946242,
    "test_ARGUMENT_PROB_REGRESSION_TASK-pearson": 0.7081161018873483,
    "epochs_trained_total": 4.914417887432537,
    "epochs_trained_best": 1.905590609412616
}