{
    "epochs_trained_best_mean": 3.2648401826484013,
    "epochs_trained_best_std": 1.109200626030872,
    "epochs_trained_total_mean": 6.2785388127853885,
    "epochs_trained_total_std": 1.109200626030872,
    "test_ARGUMENT_PROB_REGRESSION_TASK-mean_squared_error_mean": 0.036880861346920334,
    "test_ARGUMENT_PROB_REGRESSION_TASK-mean_squared_error_std": 0.003827133487386089,
    "test_ARGUMENT_PROB_REGRESSION_TASK-pearson_mean": 0.8182499516079784,
    "test_ARGUMENT_PROB_REGRESSION_TASK-pearson_std": 0.021445333509986876,
    "test_ARGUMENT_PROB_REGRESSION_TASK-root_mean_squared_error_mean": 0.19178382058938345,
    "test_ARGUMENT_PROB_REGRESSION_TASK-root_mean_squared_error_std": 0.009991417559090747,
    "test_ARGUMENT_PROB_REGRESSION_TASK-spearman_mean": 0.7975114637956078,
    "test_ARGUMENT_PROB_REGRESSION_TASK-spearman_std": 0.021634040358673844,
    "test_ARGUMENT_PROB_REGRESSION_TASK_loss_mean": 0.036866527050733566,
    "test_ARGUMENT_PROB_REGRESSION_TASK_loss_std": 0.0038244154596572206,
    "test_STRENGTH_REGRESSION_TASK-mean_squared_error_mean": 0.025938293275733788,
    "test_STRENGTH_REGRESSION_TASK-mean_squared_error_std": 0.0007120432776395298,
    "test_STRENGTH_REGRESSION_TASK-pearson_mean": 0.5445459493154926,
    "test_STRENGTH_REGRESSION_TASK-pearson_std": 0.016367620662991907,
    "test_STRENGTH_REGRESSION_TASK-root_mean_squared_error_mean": 0.16103864957888922,
    "test_STRENGTH_REGRESSION_TASK-root_mean_squared_error_std": 0.0022014470161320684,
    "test_STRENGTH_REGRESSION_TASK-spearman_mean": 0.49644069224933524,
    "test_STRENGTH_REGRESSION_TASK-spearman_std": 0.015386114779870957,
    "test_STRENGTH_REGRESSION_TASK_loss_mean": 0.0389135821412007,
    "test_STRENGTH_REGRESSION_TASK_loss_std": 0.0018802836198591193,
    "test_loss_mean": 0.07578010919193427,
    "test_loss_std": 0.002262729712792968
}