{
    "epochs_trained_best_mean": 3.6468188186076547,
    "epochs_trained_best_std": 1.2045075373214902,
    "epochs_trained_total_mean": 6.658231324130501,
    "epochs_trained_total_std": 1.2036738416541937,
    "test_ARGUMENT_PROB_REGRESSION_TASK-mean_squared_error_mean": 0.035988446325063705,
    "test_ARGUMENT_PROB_REGRESSION_TASK-mean_squared_error_std": 0.0030049490158239943,
    "test_ARGUMENT_PROB_REGRESSION_TASK-pearson_mean": 0.8135031344821976,
    "test_ARGUMENT_PROB_REGRESSION_TASK-pearson_std": 0.025786024391217566,
    "test_ARGUMENT_PROB_REGRESSION_TASK-root_mean_squared_error_mean": 0.18954054514567056,
    "test_ARGUMENT_PROB_REGRESSION_TASK-root_mean_squared_error_std": 0.007926418722165977,
    "test_ARGUMENT_PROB_REGRESSION_TASK-spearman_mean": 0.799517118524587,
    "test_ARGUMENT_PROB_REGRESSION_TASK-spearman_std": 0.019473122600412816,
    "test_ARGUMENT_PROB_REGRESSION_TASK_loss_mean": 0.03597691530982653,
    "test_ARGUMENT_PROB_REGRESSION_TASK_loss_std": 0.0030025622020834813,
    "test_STRENGTH_REGRESSION_TASK-mean_squared_error_mean": 0.027194290421903133,
    "test_STRENGTH_REGRESSION_TASK-mean_squared_error_std": 0.00183431231977213,
    "test_STRENGTH_REGRESSION_TASK-pearson_mean": 0.5407843081017097,
    "test_STRENGTH_REGRESSION_TASK-pearson_std": 0.015796417717460924,
    "test_STRENGTH_REGRESSION_TASK-root_mean_squared_error_mean": 0.16481331239144006,
    "test_STRENGTH_REGRESSION_TASK-root_mean_squared_error_std": 0.005555375469376116,
    "test_STRENGTH_REGRESSION_TASK-spearman_mean": 0.48825435282705015,
    "test_STRENGTH_REGRESSION_TASK-spearman_std": 0.01996261357986752,
    "test_STRENGTH_REGRESSION_TASK_loss_mean": 0.04646759790678819,
    "test_STRENGTH_REGRESSION_TASK_loss_std": 0.005839491280899055,
    "test_loss_mean": 0.08244451321661472,
    "test_loss_std": 0.008712543628373943
}