{
    "epochs_trained_best_mean": 3.1787341001101406,
    "epochs_trained_best_std": 1.2241760109931639,
    "epochs_trained_total_mean": 6.190091817084032,
    "epochs_trained_total_std": 1.2243765886799611,
    "test_ARGUMENT_PROB_REGRESSION_TASK-mean_squared_error_mean": 0.041025255185862385,
    "test_ARGUMENT_PROB_REGRESSION_TASK-mean_squared_error_std": 0.006702490681679231,
    "test_ARGUMENT_PROB_REGRESSION_TASK-pearson_mean": 0.7826400119124354,
    "test_ARGUMENT_PROB_REGRESSION_TASK-pearson_std": 0.04852602163352963,
    "test_ARGUMENT_PROB_REGRESSION_TASK-root_mean_squared_error_mean": 0.20188995450735092,
    "test_ARGUMENT_PROB_REGRESSION_TASK-root_mean_squared_error_std": 0.016300372291616842,
    "test_ARGUMENT_PROB_REGRESSION_TASK-spearman_mean": 0.7703574389056507,
    "test_ARGUMENT_PROB_REGRESSION_TASK-spearman_std": 0.04097137036957877,
    "test_ARGUMENT_PROB_REGRESSION_TASK_loss_mean": 0.04102344810962677,
    "test_ARGUMENT_PROB_REGRESSION_TASK_loss_std": 0.006720736906800787,
    "test_STRENGTH_REGRESSION_TASK-mean_squared_error_mean": 0.02740181206415097,
    "test_STRENGTH_REGRESSION_TASK-mean_squared_error_std": 0.0015763287779930531,
    "test_STRENGTH_REGRESSION_TASK-pearson_mean": 0.5356477462246704,
    "test_STRENGTH_REGRESSION_TASK-pearson_std": 0.014977023599565372,
    "test_STRENGTH_REGRESSION_TASK-root_mean_squared_error_mean": 0.1654660627245903,
    "test_STRENGTH_REGRESSION_TASK-root_mean_squared_error_std": 0.004774309597526078,
    "test_STRENGTH_REGRESSION_TASK-spearman_mean": 0.4836838020060534,
    "test_STRENGTH_REGRESSION_TASK-spearman_std": 0.016911816840957414,
    "test_STRENGTH_REGRESSION_TASK_loss_mean": 0.04974634883304437,
    "test_STRENGTH_REGRESSION_TASK_loss_std": 0.012413176124158707,
    "test_loss_mean": 0.09076979694267114,
    "test_loss_std": 0.018320278454537015
}