{
    "epochs_trained_best_mean": 2.710649381612626,
    "epochs_trained_best_std": 1.0526959660491693,
    "epochs_trained_total_mean": 5.721952310037564,
    "epochs_trained_total_std": 1.0540664820670338,
    "test_ARGUMENT_PROB_REGRESSION_TASK-mean_squared_error_mean": 0.04606206404666106,
    "test_ARGUMENT_PROB_REGRESSION_TASK-mean_squared_error_std": 0.0054843556675193954,
    "test_ARGUMENT_PROB_REGRESSION_TASK-pearson_mean": 0.7517768893426733,
    "test_ARGUMENT_PROB_REGRESSION_TASK-pearson_std": 0.04625544106090421,
    "test_ARGUMENT_PROB_REGRESSION_TASK-root_mean_squared_error_mean": 0.21423936386903128,
    "test_ARGUMENT_PROB_REGRESSION_TASK-root_mean_squared_error_std": 0.012789070989200135,
    "test_ARGUMENT_PROB_REGRESSION_TASK-spearman_mean": 0.7411977592867144,
    "test_ARGUMENT_PROB_REGRESSION_TASK-spearman_std": 0.0357425523032934,
    "test_ARGUMENT_PROB_REGRESSION_TASK_loss_mean": 0.04606998090942701,
    "test_ARGUMENT_PROB_REGRESSION_TASK_loss_std": 0.0055123717912137216,
    "test_STRENGTH_REGRESSION_TASK-mean_squared_error_mean": 0.027609333706398804,
    "test_STRENGTH_REGRESSION_TASK-mean_squared_error_std": 0.0012323930712998404,
    "test_STRENGTH_REGRESSION_TASK-pearson_mean": 0.5305111843476312,
    "test_STRENGTH_REGRESSION_TASK-pearson_std": 0.012096574856795486,
    "test_STRENGTH_REGRESSION_TASK-root_mean_squared_error_mean": 0.16611881305774054,
    "test_STRENGTH_REGRESSION_TASK-root_mean_squared_error_std": 0.0037247418253427826,
    "test_STRENGTH_REGRESSION_TASK-spearman_mean": 0.4791132511850565,
    "test_STRENGTH_REGRESSION_TASK-spearman_std": 0.01147751223786935,
    "test_STRENGTH_REGRESSION_TASK_loss_mean": 0.05302509975930055,
    "test_STRENGTH_REGRESSION_TASK_loss_std": 0.015892570883473196,
    "test_loss_mean": 0.09909508066872756,
    "test_loss_std": 0.02137138485425189
}