{
    "epochs_trained_best_mean": 3.092628017571879,
    "epochs_trained_best_std": 1.3236537568770843,
    "epochs_trained_total_mean": 6.101644821382679,
    "epochs_trained_total_std": 1.323716091513089,
    "test_ARGUMENT_PROB_REGRESSION_TASK-mean_squared_error_mean": 0.045169649024804435,
    "test_ARGUMENT_PROB_REGRESSION_TASK-mean_squared_error_std": 0.00639122925274944,
    "test_ARGUMENT_PROB_REGRESSION_TASK-pearson_mean": 0.7470300722168925,
    "test_ARGUMENT_PROB_REGRESSION_TASK-pearson_std": 0.04139458432646224,
    "test_ARGUMENT_PROB_REGRESSION_TASK-root_mean_squared_error_mean": 0.2119960884253184,
    "test_ARGUMENT_PROB_REGRESSION_TASK-root_mean_squared_error_std": 0.015076735830899475,
    "test_ARGUMENT_PROB_REGRESSION_TASK-spearman_mean": 0.7432034140156935,
    "test_ARGUMENT_PROB_REGRESSION_TASK-spearman_std": 0.037611069410917325,
    "test_ARGUMENT_PROB_REGRESSION_TASK_loss_mean": 0.045180369168519974,
    "test_ARGUMENT_PROB_REGRESSION_TASK_loss_std": 0.006414863221695665,
    "test_STRENGTH_REGRESSION_TASK-mean_squared_error_mean": 0.02886533085256815,
    "test_STRENGTH_REGRESSION_TASK-mean_squared_error_std": 0.00042290036099099803,
    "test_STRENGTH_REGRESSION_TASK-pearson_mean": 0.5267495431338484,
    "test_STRENGTH_REGRESSION_TASK-pearson_std": 0.004729421650185701,
    "test_STRENGTH_REGRESSION_TASK-root_mean_squared_error_mean": 0.16989347587029138,
    "test_STRENGTH_REGRESSION_TASK-root_mean_squared_error_std": 0.0012400487795924855,
    "test_STRENGTH_REGRESSION_TASK-spearman_mean": 0.4709269117627713,
    "test_STRENGTH_REGRESSION_TASK-spearman_std": 0.003132103501886799,
    "test_STRENGTH_REGRESSION_TASK_loss_mean": 0.06057911552488804,
    "test_STRENGTH_REGRESSION_TASK_loss_std": 0.00836305853667316,
    "test_loss_mean": 0.10575948469340801,
    "test_loss_std": 0.014722899912082806
}