{
    "test_ARGUMENT_PROB_REGRESSION_TASK_loss": 0.3282049894332886,
    "test_ARGUMENT_DETECTION_TASK_loss": 0.4344322979450226,
    "test_STRENGTH_REGRESSION_TASK_loss": 0.37703847885131836,
    "test_loss": 1.1396757662296295,
    "test_STRENGTH_REGRESSION_TASK-mean_squared_error": 0.02545228973031044,
    "test_STRENGTH_REGRESSION_TASK-root_mean_squared_error": 0.15953773260116577,
    "test_STRENGTH_REGRESSION_TASK-spearman": 0.5020514636058988,
    "test_STRENGTH_REGRESSION_TASK-pearson": 0.5476489021766057,
    "test_ARGUMENT_DETECTION_TASK-f1_micro": 0.7981992562145234,
    "test_ARGUMENT_DETECTION_TASK-f1_macro": 0.7981981429052021,
    "test_ARGUMENT_DETECTION_TASK-f1_weighted": 0.7981449823851083,
    "test_ARGUMENT_DETECTION_TASK-precision_micro": 0.7981992562145234,
    "test_ARGUMENT_DETECTION_TASK-precision_macro": 0.8089709134095502,
    "test_ARGUMENT_DETECTION_TASK-precision_weighted": 0.8193095391595507,
    "test_ARGUMENT_DETECTION_TASK-recall_micro": 0.7981992562145234,
    "test_ARGUMENT_DETECTION_TASK-recall_macro": 0.8086342930147928,
    "test_ARGUMENT_DETECTION_TASK-recall_weighted": 0.7981992562145234,
    "test_ARGUMENT_DETECTION_TASK-f1_true": 0.7986721343487599,
    "test_ARGUMENT_DETECTION_TASK-f1_false": 0.7977241514616441,
    "test_ARGUMENT_DETECTION_TASK-precision_true": 0.7167893445495969,
    "test_ARGUMENT_DETECTION_TASK-precision_false": 0.9011524822695035,
    "test_ARGUMENT_DETECTION_TASK-recall_true": 0.9016754850088183,
    "test_ARGUMENT_DETECTION_TASK-recall_false": 0.7155931010207673,
    "test_ARGUMENT_PROB_REGRESSION_TASK-mean_squared_error": 0.03548162057995796,
    "test_ARGUMENT_PROB_REGRESSION_TASK-root_mean_squared_error": 0.1883656531572342,
    "test_ARGUMENT_PROB_REGRESSION_TASK-spearman": 0.8051047834762749,
    "test_ARGUMENT_PROB_REGRESSION_TASK-pearson": 0.8254152945900354,
    "epochs_trained_total": 4.7298728813559325,
    "epochs_trained_best": 1.710805084745763
}