{
    "all_splits_metric": {
        "threshold": 0.6430716514587402,
        "f1_macro": 0.6953486693716843,
        "f1_true": 0.6694392042531299,
        "f1_false": 0.7212581344902387
    },
    "test_split_metric": {
        "threshold": 0.626078188419342,
        "f1_macro": 0.7180280015579198,
        "f1_true": 0.7008179078777443,
        "f1_false": 0.7352380952380952
    }
}