{
    "all_splits_metric": {
        "threshold": 0.6386478543281555,
        "f1_macro": 0.6926316463952248,
        "f1_true": 0.671386430678466,
        "f1_false": 0.7138768621119835
    },
    "test_split_metric": {
        "threshold": 0.6623817086219788,
        "f1_macro": 0.7150173150115064,
        "f1_true": 0.7001239157372986,
        "f1_false": 0.7299107142857142
    }
}