{
    "test_ARGUMENT_PROB_REGRESSION_TASK_loss": 0.0337173268198967,
    "test_STRENGTH_REGRESSION_TASK_loss": 0.04034142941236496,
    "test_loss": 0.07405875623226166,
    "test_STRENGTH_REGRESSION_TASK-mean_squared_error": 0.025213392451405525,
    "test_STRENGTH_REGRESSION_TASK-root_mean_squared_error": 0.15878725051879883,
    "test_STRENGTH_REGRESSION_TASK-spearman": 0.5060209579607698,
    "test_STRENGTH_REGRESSION_TASK-pearson": 0.5546116341042588,
    "test_ARGUMENT_PROB_REGRESSION_TASK-mean_squared_error": 0.03375464677810669,
    "test_ARGUMENT_PROB_REGRESSION_TASK-root_mean_squared_error": 0.18372437357902527,
    "test_ARGUMENT_PROB_REGRESSION_TASK-spearman": 0.81383385232313,
    "test_ARGUMENT_PROB_REGRESSION_TASK-pearson": 0.8344483071244779,
    "epochs_trained_total": 5.6255707762557075,
    "epochs_trained_best": 2.6118721461187215
}