{
    "test_STRENGTH_REGRESSION_TASK_loss": 0.05182301253080368,
    "test_ARGUMENT_PROB_REGRESSION_TASK_loss": 0.037634722888469696,
    "test_loss": 0.08945773541927338,
    "test_STRENGTH_REGRESSION_TASK-mean_squared_error": 0.02875383198261261,
    "test_STRENGTH_REGRESSION_TASK-root_mean_squared_error": 0.16956955194473267,
    "test_STRENGTH_REGRESSION_TASK-spearman": 0.46716909531877854,
    "test_STRENGTH_REGRESSION_TASK-pearson": 0.5240702564803009,
    "test_ARGUMENT_PROB_REGRESSION_TASK-mean_squared_error": 0.0376347191631794,
    "test_ARGUMENT_PROB_REGRESSION_TASK-root_mean_squared_error": 0.19399669766426086,
    "test_ARGUMENT_PROB_REGRESSION_TASK-spearman": 0.786487008431826,
    "test_ARGUMENT_PROB_REGRESSION_TASK-pearson": 0.7940487280173886,
    "epochs_trained_total": 6.1187355435620665,
    "epochs_trained_best": 3.1095213418102308
}