{
    "all_splits_metric": {
        "f1_false_mean": 0.4073946620978462,
        "f1_false_std": 0.030777767822504,
        "f1_macro_mean": 0.5488096247303745,
        "f1_macro_std": 0.004794831811334064,
        "f1_true_mean": 0.6902245873629029,
        "f1_true_std": 0.04036743144517213,
        "threshold_mean": 0.750459611415863,
        "threshold_std": 0.01379955255204288
    },
    "test_split_metric": {
        "f1_false_mean": 0.4709151836011664,
        "f1_false_std": 0.05617058619906898,
        "f1_macro_mean": 0.5472220389977539,
        "f1_macro_std": 0.0013503872090373902,
        "f1_true_mean": 0.6235288943943416,
        "f1_true_std": 0.058871360617143806,
        "threshold_mean": 0.785637100537618,
        "threshold_std": 0.03195863462455761
    }
}