{
    "all_splits_metric": {
        "f1_false_mean": 0.33601916856316555,
        "f1_false_std": 0.0010974143524197818,
        "f1_macro_mean": 0.5514036558086634,
        "f1_macro_std": 0.0029723404147253855,
        "f1_true_mean": 0.7667881430541611,
        "f1_true_std": 0.00484726647703099,
        "threshold_mean": 0.6920406818389893,
        "threshold_std": 0.005642451491244449
    },
    "test_split_metric": {
        "f1_false_mean": 0.3580690548124102,
        "f1_false_std": 0.009773697130810454,
        "f1_macro_mean": 0.5516468635902531,
        "f1_macro_std": 0.0008040894894919869,
        "f1_true_mean": 0.7452246723680961,
        "f1_true_std": 0.011381876109794376,
        "threshold_mean": 0.7324802676836649,
        "threshold_std": 0.01757071206730264
    }
}