{
    "epochs_trained_best_mean": 1.9928017718715392,
    "epochs_trained_best_std": 0.139263257565159,
    "epochs_trained_total_mean": 5.032668881506091,
    "epochs_trained_total_std": 0.13926325756515914,
    "test_ARGUMENT_DETECTION_TASK-f1_false_mean": 0.7118763867240309,
    "test_ARGUMENT_DETECTION_TASK-f1_false_std": 0.0647805084284636,
    "test_ARGUMENT_DETECTION_TASK-f1_macro_mean": 0.762157325893707,
    "test_ARGUMENT_DETECTION_TASK-f1_macro_std": 0.0429272970490891,
    "test_ARGUMENT_DETECTION_TASK-f1_micro_mean": 0.7734774993263271,
    "test_ARGUMENT_DETECTION_TASK-f1_micro_std": 0.03554301161187959,
    "test_ARGUMENT_DETECTION_TASK-f1_true_mean": 0.8124382650633833,
    "test_ARGUMENT_DETECTION_TASK-f1_true_std": 0.021306056129803273,
    "test_ARGUMENT_DETECTION_TASK-f1_weighted_mean": 0.782074291251778,
    "test_ARGUMENT_DETECTION_TASK-f1_weighted_std": 0.02940847671152445,
    "test_ARGUMENT_DETECTION_TASK-precision_false_mean": 0.6042735042735043,
    "test_ARGUMENT_DETECTION_TASK-precision_false_std": 0.09361575826501715,
    "test_ARGUMENT_DETECTION_TASK-precision_macro_mean": 0.764783735776834,
    "test_ARGUMENT_DETECTION_TASK-precision_macro_std": 0.03848865402763564,
    "test_ARGUMENT_DETECTION_TASK-precision_micro_mean": 0.773477499326327,
    "test_ARGUMENT_DETECTION_TASK-precision_micro_std": 0.035543011611879546,
    "test_ARGUMENT_DETECTION_TASK-precision_true_mean": 0.9252939672801636,
    "test_ARGUMENT_DETECTION_TASK-precision_true_std": 0.0194148909297678,
    "test_ARGUMENT_DETECTION_TASK-precision_weighted_mean": 0.8268657011614443,
    "test_ARGUMENT_DETECTION_TASK-precision_weighted_std": 0.00831868462650809,
    "test_ARGUMENT_DETECTION_TASK-recall_false_mean": 0.8804794003924056,
    "test_ARGUMENT_DETECTION_TASK-recall_false_std": 0.015188334747888091,
    "test_ARGUMENT_DETECTION_TASK-recall_macro_mean": 0.8032892370656812,
    "test_ARGUMENT_DETECTION_TASK-recall_macro_std": 0.018879352974376897,
    "test_ARGUMENT_DETECTION_TASK-recall_micro_mean": 0.773477499326327,
    "test_ARGUMENT_DETECTION_TASK-recall_micro_std": 0.035543011611879546,
    "test_ARGUMENT_DETECTION_TASK-recall_true_mean": 0.7260990737389568,
    "test_ARGUMENT_DETECTION_TASK-recall_true_std": 0.04344732738879336,
    "test_ARGUMENT_DETECTION_TASK-recall_weighted_mean": 0.773477499326327,
    "test_ARGUMENT_DETECTION_TASK-recall_weighted_std": 0.035543011611879546,
    "test_ARGUMENT_DETECTION_TASK_loss_mean": 0.49690663317839306,
    "test_ARGUMENT_DETECTION_TASK_loss_std": 0.05519934220794695,
    "test_STRENGTH_REGRESSION_TASK-mean_squared_error_mean": 0.029487632525463898,
    "test_STRENGTH_REGRESSION_TASK-mean_squared_error_std": 0.0008511318510094793,
    "test_STRENGTH_REGRESSION_TASK-pearson_mean": 0.5245896561532668,
    "test_STRENGTH_REGRESSION_TASK-pearson_std": 0.008067950595500945,
    "test_STRENGTH_REGRESSION_TASK-root_mean_squared_error_mean": 0.17170182118813196,
    "test_STRENGTH_REGRESSION_TASK-root_mean_squared_error_std": 0.0024733263809927127,
    "test_STRENGTH_REGRESSION_TASK-spearman_mean": 0.4704318932617296,
    "test_STRENGTH_REGRESSION_TASK-spearman_std": 0.009180288970612138,
    "test_STRENGTH_REGRESSION_TASK_loss_mean": 0.5368723471959432,
    "test_STRENGTH_REGRESSION_TASK_loss_std": 0.015492936585107355,
    "test_loss_mean": 1.0337789803743362,
    "test_loss_std": 0.06657511808519437
}