{
    "epochs_trained_best_mean": 2.2221272552195104,
    "epochs_trained_best_std": 0.383445691198377,
    "epochs_trained_total_mean": 5.263652756655432,
    "epochs_trained_total_std": 0.38443605123908425,
    "test_ARGUMENT_DETECTION_TASK-f1_false_mean": 0.7528840184104073,
    "test_ARGUMENT_DETECTION_TASK-f1_false_std": 0.062043094157696634,
    "test_ARGUMENT_DETECTION_TASK-f1_macro_mean": 0.7814728537627641,
    "test_ARGUMENT_DETECTION_TASK-f1_macro_std": 0.03725194368569323,
    "test_ARGUMENT_DETECTION_TASK-f1_micro_mean": 0.7873553086766693,
    "test_ARGUMENT_DETECTION_TASK-f1_micro_std": 0.03031261904003728,
    "test_ARGUMENT_DETECTION_TASK-f1_true_mean": 0.8100616891151208,
    "test_ARGUMENT_DETECTION_TASK-f1_true_std": 0.01973248067863398,
    "test_ARGUMENT_DETECTION_TASK-f1_weighted_mean": 0.7914731222863517,
    "test_ARGUMENT_DETECTION_TASK-f1_weighted_std": 0.02472928390146352,
    "test_ARGUMENT_DETECTION_TASK-precision_false_mean": 0.7354996362975087,
    "test_ARGUMENT_DETECTION_TASK-precision_false_std": 0.1484818067760597,
    "test_ARGUMENT_DETECTION_TASK-precision_macro_mean": 0.786434567125005,
    "test_ARGUMENT_DETECTION_TASK-precision_macro_std": 0.03583927325548335,
    "test_ARGUMENT_DETECTION_TASK-precision_micro_mean": 0.7873553086766693,
    "test_ARGUMENT_DETECTION_TASK-precision_micro_std": 0.030312619040037257,
    "test_ARGUMENT_DETECTION_TASK-precision_true_mean": 0.8373694979525014,
    "test_ARGUMENT_DETECTION_TASK-precision_true_std": 0.09266515213632882,
    "test_ARGUMENT_DETECTION_TASK-precision_weighted_mean": 0.8197784172300658,
    "test_ARGUMENT_DETECTION_TASK-precision_weighted_std": 0.012036671506113733,
    "test_ARGUMENT_DETECTION_TASK-recall_false_mean": 0.8070017718458677,
    "test_ARGUMENT_DETECTION_TASK-recall_false_std": 0.07601046575055753,
    "test_ARGUMENT_DETECTION_TASK-recall_macro_mean": 0.8044867223187756,
    "test_ARGUMENT_DETECTION_TASK-recall_macro_std": 0.015524880803978,
    "test_ARGUMENT_DETECTION_TASK-recall_micro_mean": 0.7873553086766693,
    "test_ARGUMENT_DETECTION_TASK-recall_micro_std": 0.030312619040037257,
    "test_ARGUMENT_DETECTION_TASK-recall_true_mean": 0.8019716727916838,
    "test_ARGUMENT_DETECTION_TASK-recall_true_std": 0.08315379201288081,
    "test_ARGUMENT_DETECTION_TASK-recall_weighted_mean": 0.7873553086766693,
    "test_ARGUMENT_DETECTION_TASK-recall_weighted_std": 0.030312619040037257,
    "test_ARGUMENT_DETECTION_TASK_loss_mean": 0.46879614641269046,
    "test_ARGUMENT_DETECTION_TASK_loss_std": 0.048712739811189086,
    "test_STRENGTH_REGRESSION_TASK-mean_squared_error_mean": 0.027629835220674675,
    "test_STRENGTH_REGRESSION_TASK-mean_squared_error_std": 0.0019611116191956416,
    "test_STRENGTH_REGRESSION_TASK-pearson_mean": 0.5342127453314361,
    "test_STRENGTH_REGRESSION_TASK-pearson_std": 0.012504013543527705,
    "test_STRENGTH_REGRESSION_TASK-root_mean_squared_error_mean": 0.16611829275886217,
    "test_STRENGTH_REGRESSION_TASK-root_mean_squared_error_std": 0.005877773001245972,
    "test_STRENGTH_REGRESSION_TASK-spearman_mean": 0.4830266203465255,
    "test_STRENGTH_REGRESSION_TASK-spearman_std": 0.016143482269268043,
    "test_STRENGTH_REGRESSION_TASK_loss_mean": 0.4591896633307139,
    "test_STRENGTH_REGRESSION_TASK_loss_std": 0.07849811792266337,
    "test_loss_mean": 0.9279858097434044,
    "test_loss_std": 0.1161784300386092
}