{
    "epochs_trained_best_mean": 2.07845162696557,
    "epochs_trained_best_std": 0.3251553938503926,
    "epochs_trained_total_mean": 5.1199879903316825,
    "epochs_trained_total_std": 0.3258051716154948,
    "test_ARGUMENT_DETECTION_TASK-f1_false_mean": 0.7186054026966507,
    "test_ARGUMENT_DETECTION_TASK-f1_false_std": 0.06958213196699219,
    "test_ARGUMENT_DETECTION_TASK-f1_macro_mean": 0.7569810514206609,
    "test_ARGUMENT_DETECTION_TASK-f1_macro_std": 0.03822660050699047,
    "test_ARGUMENT_DETECTION_TASK-f1_micro_mean": 0.7659986426856533,
    "test_ARGUMENT_DETECTION_TASK-f1_micro_std": 0.02916368657327908,
    "test_ARGUMENT_DETECTION_TASK-f1_true_mean": 0.7953567001446712,
    "test_ARGUMENT_DETECTION_TASK-f1_true_std": 0.014748005646800223,
    "test_ARGUMENT_DETECTION_TASK-f1_weighted_mean": 0.7726889970117886,
    "test_ARGUMENT_DETECTION_TASK-f1_weighted_std": 0.021570075292833807,
    "test_ARGUMENT_DETECTION_TASK-precision_false_mean": 0.6869911953688549,
    "test_ARGUMENT_DETECTION_TASK-precision_false_std": 0.1694615412653784,
    "test_ARGUMENT_DETECTION_TASK-precision_macro_mean": 0.7635276406958739,
    "test_ARGUMENT_DETECTION_TASK-precision_macro_std": 0.03687315271959876,
    "test_ARGUMENT_DETECTION_TASK-precision_micro_mean": 0.7659986426856532,
    "test_ARGUMENT_DETECTION_TASK-precision_micro_std": 0.02916368657327905,
    "test_ARGUMENT_DETECTION_TASK-precision_true_mean": 0.8400640860228927,
    "test_ARGUMENT_DETECTION_TASK-precision_true_std": 0.10152362812261659,
    "test_ARGUMENT_DETECTION_TASK-precision_weighted_mean": 0.8122549478291542,
    "test_ARGUMENT_DETECTION_TASK-precision_weighted_std": 0.012143356813815532,
    "test_ARGUMENT_DETECTION_TASK-recall_false_mean": 0.8041138058592878,
    "test_ARGUMENT_DETECTION_TASK-recall_false_std": 0.08079118678771181,
    "test_ARGUMENT_DETECTION_TASK-recall_macro_mean": 0.7900008126906098,
    "test_ARGUMENT_DETECTION_TASK-recall_macro_std": 0.006745365309078297,
    "test_ARGUMENT_DETECTION_TASK-recall_micro_mean": 0.7659986426856532,
    "test_ARGUMENT_DETECTION_TASK-recall_micro_std": 0.02916368657327905,
    "test_ARGUMENT_DETECTION_TASK-recall_true_mean": 0.775887819521932,
    "test_ARGUMENT_DETECTION_TASK-recall_true_std": 0.0905605425065676,
    "test_ARGUMENT_DETECTION_TASK-recall_weighted_mean": 0.7659986426856532,
    "test_ARGUMENT_DETECTION_TASK-recall_weighted_std": 0.02916368657327905,
    "test_ARGUMENT_DETECTION_TASK_loss_mean": 0.4967305113871892,
    "test_ARGUMENT_DETECTION_TASK_loss_std": 0.0503599780082553,
    "test_STRENGTH_REGRESSION_TASK-mean_squared_error_mean": 0.028050353440145653,
    "test_STRENGTH_REGRESSION_TASK-mean_squared_error_std": 0.002105278409632274,
    "test_STRENGTH_REGRESSION_TASK-pearson_mean": 0.5285352685749328,
    "test_STRENGTH_REGRESSION_TASK-pearson_std": 0.010307501988590297,
    "test_STRENGTH_REGRESSION_TASK-root_mean_squared_error_mean": 0.16736486305793127,
    "test_STRENGTH_REGRESSION_TASK-root_mean_squared_error_std": 0.00627346277992377,
    "test_STRENGTH_REGRESSION_TASK-spearman_mean": 0.4762117425233943,
    "test_STRENGTH_REGRESSION_TASK-spearman_std": 0.013068502436234333,
    "test_STRENGTH_REGRESSION_TASK_loss_mean": 0.4665396014849345,
    "test_STRENGTH_REGRESSION_TASK_loss_std": 0.08206483475679575,
    "test_loss_mean": 0.9632701128721237,
    "test_loss_std": 0.13142828324448846
}