{
    "epochs_trained_best_mean": 2.36580288347345,
    "epochs_trained_best_std": 0.3834707208365059,
    "epochs_trained_total_mean": 5.407317522979182,
    "epochs_trained_total_std": 0.38490780060617424,
    "test_ARGUMENT_DETECTION_TASK-f1_false_mean": 0.7871626341241639,
    "test_ARGUMENT_DETECTION_TASK-f1_false_std": 0.02251601620506844,
    "test_ARGUMENT_DETECTION_TASK-f1_macro_mean": 0.8059646561048673,
    "test_ARGUMENT_DETECTION_TASK-f1_macro_std": 0.010697890748823836,
    "test_ARGUMENT_DETECTION_TASK-f1_micro_mean": 0.808711974667685,
    "test_ARGUMENT_DETECTION_TASK-f1_micro_std": 0.008658797092250904,
    "test_ARGUMENT_DETECTION_TASK-f1_true_mean": 0.8247666780855708,
    "test_ARGUMENT_DETECTION_TASK-f1_true_std": 0.011347445336514071,
    "test_ARGUMENT_DETECTION_TASK-f1_weighted_mean": 0.810257247560915,
    "test_ARGUMENT_DETECTION_TASK-f1_weighted_std": 0.00721942461411403,
    "test_ARGUMENT_DETECTION_TASK-precision_false_mean": 0.7840080772261624,
    "test_ARGUMENT_DETECTION_TASK-precision_false_std": 0.10329734864105346,
    "test_ARGUMENT_DETECTION_TASK-precision_macro_mean": 0.8093414935541362,
    "test_ARGUMENT_DETECTION_TASK-precision_macro_std": 0.012642114800154723,
    "test_ARGUMENT_DETECTION_TASK-precision_micro_mean": 0.808711974667685,
    "test_ARGUMENT_DETECTION_TASK-precision_micro_std": 0.00865879709225092,
    "test_ARGUMENT_DETECTION_TASK-precision_true_mean": 0.8346749098821102,
    "test_ARGUMENT_DETECTION_TASK-precision_true_std": 0.08277736504613077,
    "test_ARGUMENT_DETECTION_TASK-precision_weighted_mean": 0.8273018866309777,
    "test_ARGUMENT_DETECTION_TASK-precision_weighted_std": 0.005394128616526472,
    "test_ARGUMENT_DETECTION_TASK-recall_false_mean": 0.8098897378324473,
    "test_ARGUMENT_DETECTION_TASK-recall_false_std": 0.07079043190705317,
    "test_ARGUMENT_DETECTION_TASK-recall_macro_mean": 0.8189726319469415,
    "test_ARGUMENT_DETECTION_TASK-recall_macro_std": 0.004106183056289505,
    "test_ARGUMENT_DETECTION_TASK-recall_micro_mean": 0.808711974667685,
    "test_ARGUMENT_DETECTION_TASK-recall_micro_std": 0.00865879709225092,
    "test_ARGUMENT_DETECTION_TASK-recall_true_mean": 0.8280555260614356,
    "test_ARGUMENT_DETECTION_TASK-recall_true_std": 0.06532349952630498,
    "test_ARGUMENT_DETECTION_TASK-recall_weighted_mean": 0.808711974667685,
    "test_ARGUMENT_DETECTION_TASK-recall_weighted_std": 0.00865879709225092,
    "test_ARGUMENT_DETECTION_TASK_loss_mean": 0.4408617814381917,
    "test_ARGUMENT_DETECTION_TASK_loss_std": 0.02547699279303291,
    "test_STRENGTH_REGRESSION_TASK-mean_squared_error_mean": 0.027209317001203697,
    "test_STRENGTH_REGRESSION_TASK-mean_squared_error_std": 0.0017047138287731526,
    "test_STRENGTH_REGRESSION_TASK-pearson_mean": 0.5398902220879397,
    "test_STRENGTH_REGRESSION_TASK-pearson_std": 0.011915898099068439,
    "test_STRENGTH_REGRESSION_TASK-root_mean_squared_error_mean": 0.1648717224597931,
    "test_STRENGTH_REGRESSION_TASK-root_mean_squared_error_std": 0.005160641494642009,
    "test_STRENGTH_REGRESSION_TASK-spearman_mean": 0.48984149816965666,
    "test_STRENGTH_REGRESSION_TASK-spearman_std": 0.01604846298378978,
    "test_STRENGTH_REGRESSION_TASK_loss_mean": 0.45183972517649335,
    "test_STRENGTH_REGRESSION_TASK_loss_std": 0.07403532095830206,
    "test_loss_mean": 0.8927015066146851,
    "test_loss_std": 0.08503821188924324
}