{
    "epochs_trained_best_mean": 2.4514527385674807,
    "epochs_trained_best_std": 0.41168748664974203,
    "epochs_trained_total_mean": 5.494636631804774,
    "epochs_trained_total_std": 0.41168045729537217,
    "test_ARGUMENT_DETECTION_TASK-f1_false_mean": 0.7938916500967838,
    "test_ARGUMENT_DETECTION_TASK-f1_false_std": 0.011786648379432016,
    "test_ARGUMENT_DETECTION_TASK-f1_macro_mean": 0.8007883816318212,
    "test_ARGUMENT_DETECTION_TASK-f1_macro_std": 0.013655861417821519,
    "test_ARGUMENT_DETECTION_TASK-f1_micro_mean": 0.8012331180270111,
    "test_ARGUMENT_DETECTION_TASK-f1_micro_std": 0.013755612925703181,
    "test_ARGUMENT_DETECTION_TASK-f1_true_mean": 0.8076851131668586,
    "test_ARGUMENT_DETECTION_TASK-f1_true_std": 0.017705855900895625,
    "test_ARGUMENT_DETECTION_TASK-f1_weighted_mean": 0.8008719533209256,
    "test_ARGUMENT_DETECTION_TASK-f1_weighted_std": 0.01347369334789671,
    "test_ARGUMENT_DETECTION_TASK-precision_false_mean": 0.8667257683215129,
    "test_ARGUMENT_DETECTION_TASK-precision_false_std": 0.029819259539252276,
    "test_ARGUMENT_DETECTION_TASK-precision_macro_mean": 0.8080853984731763,
    "test_ARGUMENT_DETECTION_TASK-precision_macro_std": 0.012248001060151637,
    "test_ARGUMENT_DETECTION_TASK-precision_micro_mean": 0.8012331180270111,
    "test_ARGUMENT_DETECTION_TASK-precision_micro_std": 0.013755612925703214,
    "test_ARGUMENT_DETECTION_TASK-precision_true_mean": 0.7494450286248394,
    "test_ARGUMENT_DETECTION_TASK-precision_true_std": 0.03654173282674418,
    "test_ARGUMENT_DETECTION_TASK-precision_weighted_mean": 0.8126911332986874,
    "test_ARGUMENT_DETECTION_TASK-precision_weighted_std": 0.01095916150665409,
    "test_ARGUMENT_DETECTION_TASK-recall_false_mean": 0.7335241432993295,
    "test_ARGUMENT_DETECTION_TASK-recall_false_std": 0.022947167606774527,
    "test_ARGUMENT_DETECTION_TASK-recall_macro_mean": 0.8056842075718702,
    "test_ARGUMENT_DETECTION_TASK-recall_macro_std": 0.011079076557257744,
    "test_ARGUMENT_DETECTION_TASK-recall_micro_mean": 0.8012331180270111,
    "test_ARGUMENT_DETECTION_TASK-recall_micro_std": 0.013755612925703214,
    "test_ARGUMENT_DETECTION_TASK-recall_true_mean": 0.8778442718444106,
    "test_ARGUMENT_DETECTION_TASK-recall_true_std": 0.020691385187613563,
    "test_ARGUMENT_DETECTION_TASK-recall_weighted_mean": 0.8012331180270111,
    "test_ARGUMENT_DETECTION_TASK-recall_weighted_std": 0.013755612925703214,
    "test_ARGUMENT_DETECTION_TASK_loss_mean": 0.4406856596469879,
    "test_ARGUMENT_DETECTION_TASK_loss_std": 0.010885574271746155,
    "test_STRENGTH_REGRESSION_TASK-mean_squared_error_mean": 0.02577203791588545,
    "test_STRENGTH_REGRESSION_TASK-mean_squared_error_std": 0.00025430392588644986,
    "test_STRENGTH_REGRESSION_TASK-pearson_mean": 0.5438358345096057,
    "test_STRENGTH_REGRESSION_TASK-pearson_std": 0.007899442506911446,
    "test_STRENGTH_REGRESSION_TASK-root_mean_squared_error_mean": 0.16053476432959238,
    "test_STRENGTH_REGRESSION_TASK-root_mean_squared_error_std": 0.0007921540762438335,
    "test_STRENGTH_REGRESSION_TASK-spearman_mean": 0.4956213474313214,
    "test_STRENGTH_REGRESSION_TASK-spearman_std": 0.010940385427004725,
    "test_STRENGTH_REGRESSION_TASK_loss_mean": 0.3815069794654846,
    "test_STRENGTH_REGRESSION_TASK_loss_std": 0.0038313451632892076,
    "test_loss_mean": 0.8221926391124725,
    "test_loss_std": 0.013349867419698425
}