{
    "epochs_trained_best_mean": 2.704290577871166,
    "epochs_trained_best_std": 0.24541041586835824,
    "epochs_trained_total_mean": 5.709051134809954,
    "epochs_trained_total_std": 0.24548489724027342,
    "test_ARGUMENT_DETECTION_TASK-f1_false_mean": 0.7900673843944928,
    "test_ARGUMENT_DETECTION_TASK-f1_false_std": 0.0031927470117188187,
    "test_ARGUMENT_DETECTION_TASK-f1_macro_mean": 0.79777155441833,
    "test_ARGUMENT_DETECTION_TASK-f1_macro_std": 0.003034954032943806,
    "test_ARGUMENT_DETECTION_TASK-f1_micro_mean": 0.7980687675344164,
    "test_ARGUMENT_DETECTION_TASK-f1_micro_std": 0.00303789305847784,
    "test_ARGUMENT_DETECTION_TASK-f1_true_mean": 0.8054757244421674,
    "test_ARGUMENT_DETECTION_TASK-f1_true_std": 0.0031170222525743977,
    "test_ARGUMENT_DETECTION_TASK-f1_weighted_mean": 0.7974657282519452,
    "test_ARGUMENT_DETECTION_TASK-f1_weighted_std": 0.0030442256696342584,
    "test_ARGUMENT_DETECTION_TASK-precision_false_mean": 0.8605200945626478,
    "test_ARGUMENT_DETECTION_TASK-precision_false_std": 0.005610767596349753,
    "test_ARGUMENT_DETECTION_TASK-precision_macro_mean": 0.8046028443370546,
    "test_ARGUMENT_DETECTION_TASK-precision_macro_std": 0.003061444377775138,
    "test_ARGUMENT_DETECTION_TASK-precision_micro_mean": 0.7980687675344164,
    "test_ARGUMENT_DETECTION_TASK-precision_micro_std": 0.0030378930584779307,
    "test_ARGUMENT_DETECTION_TASK-precision_true_mean": 0.7486855941114617,
    "test_ARGUMENT_DETECTION_TASK-precision_true_std": 0.0049651897092827975,
    "test_ARGUMENT_DETECTION_TASK-precision_weighted_mean": 0.8069127153510561,
    "test_ARGUMENT_DETECTION_TASK-precision_weighted_std": 0.003189820074026191,
    "test_ARGUMENT_DETECTION_TASK-recall_false_mean": 0.7303006288310735,
    "test_ARGUMENT_DETECTION_TASK-recall_false_std": 0.0036812702423045665,
    "test_ARGUMENT_DETECTION_TASK-recall_macro_mean": 0.8009634058531642,
    "test_ARGUMENT_DETECTION_TASK-recall_macro_std": 0.003049082634340435,
    "test_ARGUMENT_DETECTION_TASK-recall_micro_mean": 0.7980687675344164,
    "test_ARGUMENT_DETECTION_TASK-recall_micro_std": 0.0030378930584779307,
    "test_ARGUMENT_DETECTION_TASK-recall_true_mean": 0.8716261828752548,
    "test_ARGUMENT_DETECTION_TASK-recall_true_std": 0.004321287109215209,
    "test_ARGUMENT_DETECTION_TASK-recall_weighted_mean": 0.7980687675344164,
    "test_ARGUMENT_DETECTION_TASK-recall_weighted_std": 0.0030378930584779307,
    "test_ARGUMENT_DETECTION_TASK_loss_mean": 0.4576390286286672,
    "test_ARGUMENT_DETECTION_TASK_loss_std": 0.013135275577482524,
    "test_ARGUMENT_PROB_REGRESSION_TASK-mean_squared_error_mean": 0.040814079344272614,
    "test_ARGUMENT_PROB_REGRESSION_TASK-mean_squared_error_std": 0.0008733572265844871,
    "test_ARGUMENT_PROB_REGRESSION_TASK-pearson_mean": 0.7938263297547202,
    "test_ARGUMENT_PROB_REGRESSION_TASK-pearson_std": 0.007196761302806019,
    "test_ARGUMENT_PROB_REGRESSION_TASK-root_mean_squared_error_mean": 0.2020133137702942,
    "test_ARGUMENT_PROB_REGRESSION_TASK-root_mean_squared_error_std": 0.0021684955938061122,
    "test_ARGUMENT_PROB_REGRESSION_TASK-spearman_mean": 0.7724380670138226,
    "test_ARGUMENT_PROB_REGRESSION_TASK-spearman_std": 0.00820450520799915,
    "test_ARGUMENT_PROB_REGRESSION_TASK_loss_mean": 0.42837711175282794,
    "test_ARGUMENT_PROB_REGRESSION_TASK_loss_std": 0.009095602649501886,
    "test_loss_mean": 0.8860161403814951,
    "test_loss_std": 0.019495597623956293
}