{
    "epochs_trained_best_mean": 1.8181237395224288,
    "epochs_trained_best_std": 0.5016525067861441,
    "epochs_trained_total_mean": 4.848331931595179,
    "epochs_trained_total_std": 0.5016454058262309,
    "test_ARGUMENT_DETECTION_TASK-f1_false_mean": 0.6157753767813235,
    "test_ARGUMENT_DETECTION_TASK-f1_false_std": 0.06818020501093361,
    "test_ARGUMENT_DETECTION_TASK-f1_macro_mean": 0.6990260461134961,
    "test_ARGUMENT_DETECTION_TASK-f1_macro_std": 0.04302053665807082,
    "test_ARGUMENT_DETECTION_TASK-f1_micro_mean": 0.7227162489894906,
    "test_ARGUMENT_DETECTION_TASK-f1_micro_std": 0.03293867652369781,
    "test_ARGUMENT_DETECTION_TASK-f1_true_mean": 0.7822767154456685,
    "test_ARGUMENT_DETECTION_TASK-f1_true_std": 0.01788374815667221,
    "test_ARGUMENT_DETECTION_TASK-f1_weighted_mean": 0.7418973210285772,
    "test_ARGUMENT_DETECTION_TASK-f1_weighted_std": 0.024235631696373383,
    "test_ARGUMENT_DETECTION_TASK-precision_false_mean": 0.47920227920227915,
    "test_ARGUMENT_DETECTION_TASK-precision_false_std": 0.0875983828408132,
    "test_ARGUMENT_DETECTION_TASK-precision_macro_mean": 0.7102044115847796,
    "test_ARGUMENT_DETECTION_TASK-precision_macro_std": 0.03574572360158384,
    "test_ARGUMENT_DETECTION_TASK-precision_micro_mean": 0.7227162489894906,
    "test_ARGUMENT_DETECTION_TASK-precision_micro_std": 0.03293867652369781,
    "test_ARGUMENT_DETECTION_TASK-precision_true_mean": 0.9412065439672802,
    "test_ARGUMENT_DETECTION_TASK-precision_true_std": 0.016211462163300522,
    "test_ARGUMENT_DETECTION_TASK-precision_weighted_mean": 0.8273685503903699,
    "test_ARGUMENT_DETECTION_TASK-precision_weighted_std": 0.009393702336631624,
    "test_ARGUMENT_DETECTION_TASK-recall_false_mean": 0.8814632687096361,
    "test_ARGUMENT_DETECTION_TASK-recall_false_std": 0.009785660657309377,
    "test_ARGUMENT_DETECTION_TASK-recall_macro_mean": 0.7760368298552188,
    "test_ARGUMENT_DETECTION_TASK-recall_macro_std": 0.013344646323532657,
    "test_ARGUMENT_DETECTION_TASK-recall_micro_mean": 0.7227162489894906,
    "test_ARGUMENT_DETECTION_TASK-recall_micro_std": 0.03293867652369781,
    "test_ARGUMENT_DETECTION_TASK-recall_true_mean": 0.6706103910008016,
    "test_ARGUMENT_DETECTION_TASK-recall_true_std": 0.03527760306079111,
    "test_ARGUMENT_DETECTION_TASK-recall_weighted_mean": 0.7227162489894906,
    "test_ARGUMENT_DETECTION_TASK-recall_weighted_std": 0.03293867652369781,
    "test_ARGUMENT_DETECTION_TASK_loss_mean": 0.5541799167792002,
    "test_ARGUMENT_DETECTION_TASK_loss_std": 0.054665841484336695,
    "test_ARGUMENT_PROB_REGRESSION_TASK-mean_squared_error_mean": 0.054508306086063385,
    "test_ARGUMENT_PROB_REGRESSION_TASK-mean_squared_error_std": 0.0014209684090082247,
    "test_ARGUMENT_PROB_REGRESSION_TASK-pearson_mean": 0.6858380488886637,
    "test_ARGUMENT_PROB_REGRESSION_TASK-pearson_std": 0.01094116402952168,
    "test_ARGUMENT_PROB_REGRESSION_TASK-root_mean_squared_error_mean": 0.23345048228899637,
    "test_ARGUMENT_PROB_REGRESSION_TASK-root_mean_squared_error_std": 0.0030295049681514567,
    "test_ARGUMENT_PROB_REGRESSION_TASK-spearman_mean": 0.6801773307275835,
    "test_ARGUMENT_PROB_REGRESSION_TASK-spearman_std": 0.010533781520436917,
    "test_ARGUMENT_PROB_REGRESSION_TASK_loss_mean": 0.4150659342606862,
    "test_ARGUMENT_PROB_REGRESSION_TASK_loss_std": 0.011934731103098246,
    "test_loss_mean": 0.9692458510398865,
    "test_loss_std": 0.06140828570348277
}