{
    "epochs_trained_best_mean": 3.315068493150685,
    "epochs_trained_best_std": 1.0662923385631493,
    "epochs_trained_total_mean": 6.328767123287672,
    "epochs_trained_total_std": 1.066292338563149,
    "test_ARGUMENT_PROB_REGRESSION_TASK-mean_squared_error_mean": 0.040638635555903115,
    "test_ARGUMENT_PROB_REGRESSION_TASK-mean_squared_error_std": 0.000577898626431371,
    "test_ARGUMENT_PROB_REGRESSION_TASK-pearson_mean": 0.7977139711738723,
    "test_ARGUMENT_PROB_REGRESSION_TASK-pearson_std": 0.006718075882161464,
    "test_ARGUMENT_PROB_REGRESSION_TASK-root_mean_squared_error_mean": 0.2015851785739263,
    "test_ARGUMENT_PROB_REGRESSION_TASK-root_mean_squared_error_std": 0.0014327013812092857,
    "test_ARGUMENT_PROB_REGRESSION_TASK-spearman_mean": 0.776656699941067,
    "test_ARGUMENT_PROB_REGRESSION_TASK-spearman_std": 0.006197511009134715,
    "test_ARGUMENT_PROB_REGRESSION_TASK_loss_mean": 0.040622406949599586,
    "test_ARGUMENT_PROB_REGRESSION_TASK_loss_std": 0.000579864328738754,
    "test_STRENGTH_REGRESSION_TASK-mean_squared_error_mean": 0.026473529636859894,
    "test_STRENGTH_REGRESSION_TASK-mean_squared_error_std": 0.0006337474197966685,
    "test_STRENGTH_REGRESSION_TASK-pearson_mean": 0.5331114201317771,
    "test_STRENGTH_REGRESSION_TASK-pearson_std": 0.016146390575846915,
    "test_STRENGTH_REGRESSION_TASK-root_mean_squared_error_mean": 0.1626951495806376,
    "test_STRENGTH_REGRESSION_TASK-root_mean_squared_error_std": 0.0019538801630355736,
    "test_STRENGTH_REGRESSION_TASK-spearman_mean": 0.48480333964979483,
    "test_STRENGTH_REGRESSION_TASK-spearman_std": 0.014070067604906967,
    "test_STRENGTH_REGRESSION_TASK_loss_mean": 0.03714993968605995,
    "test_STRENGTH_REGRESSION_TASK_loss_std": 0.0008607808429256108,
    "test_loss_mean": 0.07777234663565953,
    "test_loss_std": 0.0014228466667465366
}