{
    "epochs_trained_best_mean": 2.106230270074567,
    "epochs_trained_best_std": 0.5905195321147343,
    "epochs_trained_total_mean": 5.115137496787459,
    "epochs_trained_total_std": 0.5904951403664158,
    "test_ARGUMENT_PROB_REGRESSION_TASK-mean_squared_error_mean": 0.051485492537419,
    "test_ARGUMENT_PROB_REGRESSION_TASK-mean_squared_error_std": 0.0009975941883065562,
    "test_ARGUMENT_PROB_REGRESSION_TASK-pearson_mean": 0.7058398075114743,
    "test_ARGUMENT_PROB_REGRESSION_TASK-pearson_std": 0.0036834952947630436,
    "test_ARGUMENT_PROB_REGRESSION_TASK-root_mean_squared_error_mean": 0.22689354916413626,
    "test_ARGUMENT_PROB_REGRESSION_TASK-root_mean_squared_error_std": 0.0021934514629186022,
    "test_ARGUMENT_PROB_REGRESSION_TASK-spearman_mean": 0.7057388186323615,
    "test_ARGUMENT_PROB_REGRESSION_TASK-spearman_std": 0.0014064149249642967,
    "test_ARGUMENT_PROB_REGRESSION_TASK_loss_mean": 0.05151755486925443,
    "test_ARGUMENT_PROB_REGRESSION_TASK_loss_std": 0.0010412102543743281,
    "test_STRENGTH_REGRESSION_TASK-mean_squared_error_mean": 0.028745137775937717,
    "test_STRENGTH_REGRESSION_TASK-mean_squared_error_std": 0.000236321398765471,
    "test_STRENGTH_REGRESSION_TASK-pearson_mean": 0.5279109485634853,
    "test_STRENGTH_REGRESSION_TASK-pearson_std": 0.004292536038056039,
    "test_STRENGTH_REGRESSION_TASK-root_mean_squared_error_mean": 0.16954247653484344,
    "test_STRENGTH_REGRESSION_TASK-root_mean_squared_error_std": 0.0006977194497181493,
    "test_STRENGTH_REGRESSION_TASK-spearman_mean": 0.4734231627203182,
    "test_STRENGTH_REGRESSION_TASK-spearman_std": 0.0008634572723257216,
    "test_STRENGTH_REGRESSION_TASK_loss_mean": 0.06890025983254115,
    "test_STRENGTH_REGRESSION_TASK_loss_std": 0.0006043676123580497,
    "test_loss_mean": 0.12041781470179558,
    "test_loss_std": 0.0014593543949664876
}