{
    "all_splits_metric": {
        "threshold": 0.70982426404953,
        "f1_macro": 0.666807094291042,
        "f1_true": 0.6405484818805093,
        "f1_false": 0.6930657067015746
    },
    "test_split_metric": {
        "threshold": 0.7440568804740906,
        "f1_macro": 0.6978256130385183,
        "f1_true": 0.6672473867595818,
        "f1_false": 0.7284038393174547
    }
}