{
    "all_splits_metric": {
        "threshold": 0.751282811164856,
        "f1_macro": 0.6609628798598219,
        "f1_true": 0.6290168904287571,
        "f1_false": 0.6929088692908869
    },
    "test_split_metric": {
        "threshold": 0.7353434562683105,
        "f1_macro": 0.690867453687785,
        "f1_true": 0.6848072562358277,
        "f1_false": 0.6969276511397424
    }
}