{
    "all_splits_metric": {
        "threshold": 0.7407018542289734,
        "f1_macro": 0.5522000828188178,
        "f1_true": 0.7187686718768672,
        "f1_false": 0.3856314937607685
    },
    "test_split_metric": {
        "threshold": 0.7630389332771301,
        "f1_macro": 0.5481769069504918,
        "f1_true": 0.6651572327044025,
        "f1_false": 0.4311965811965812
    }
}