{
    "all_splits_metric": {
        "threshold": 0.25531527400016785,
        "f1_macro": 0.7105750051324964,
        "f1_true": 0.6649904549052476,
        "f1_false": 0.7561595553597451
    },
    "test_split_metric": {
        "threshold": 0.270413339138031,
        "f1_macro": 0.715038778194345,
        "f1_true": 0.6770551038843722,
        "f1_false": 0.7530224525043179
    }
}