{
    "all_splits_metric": {
        "threshold": 0.232413187623024,
        "f1_macro": 0.7119248051050295,
        "f1_true": 0.6777065527065527,
        "f1_false": 0.7461430575035063
    },
    "test_split_metric": {
        "threshold": 0.1964334100484848,
        "f1_macro": 0.7416591223293862,
        "f1_true": 0.7378999179655455,
        "f1_false": 0.745418326693227
    }
}