{
    "epochs_trained_best_mean": 1.9590254706533774,
    "epochs_trained_best_std": 0.12637934695083622,
    "epochs_trained_total_mean": 4.998892580287929,
    "epochs_trained_total_std": 0.1263793469508364,
    "test_ARGUMENT_DETECTION_TASK-f1_false_mean": 0.6547819362110481,
    "test_ARGUMENT_DETECTION_TASK-f1_false_std": 0.03905280906623771,
    "test_ARGUMENT_DETECTION_TASK-f1_macro_mean": 0.7235993383683067,
    "test_ARGUMENT_DETECTION_TASK-f1_macro_std": 0.024030377227895937,
    "test_ARGUMENT_DETECTION_TASK-f1_micro_mean": 0.7410401509027217,
    "test_ARGUMENT_DETECTION_TASK-f1_micro_std": 0.018166947514827392,
    "test_ARGUMENT_DETECTION_TASK-f1_true_mean": 0.7924167405255652,
    "test_ARGUMENT_DETECTION_TASK-f1_true_std": 0.009029299871528038,
    "test_ARGUMENT_DETECTION_TASK-f1_weighted_mean": 0.7547535859557005,
    "test_ARGUMENT_DETECTION_TASK-f1_weighted_std": 0.013136649183712039,
    "test_ARGUMENT_DETECTION_TASK-precision_false_mean": 0.5233618233618235,
    "test_ARGUMENT_DETECTION_TASK-precision_false_std": 0.05509598799475103,
    "test_ARGUMENT_DETECTION_TASK-precision_macro_mean": 0.7298557583066785,
    "test_ARGUMENT_DETECTION_TASK-precision_macro_std": 0.020063853819033396,
    "test_ARGUMENT_DETECTION_TASK-precision_micro_mean": 0.7410401509027217,
    "test_ARGUMENT_DETECTION_TASK-precision_micro_std": 0.0181669475148273,
    "test_ARGUMENT_DETECTION_TASK-precision_true_mean": 0.9363496932515337,
    "test_ARGUMENT_DETECTION_TASK-precision_true_std": 0.014991628470077139,
    "test_ARGUMENT_DETECTION_TASK-precision_weighted_mean": 0.8226559214714403,
    "test_ARGUMENT_DETECTION_TASK-precision_weighted_std": 0.008757374715891851,
    "test_ARGUMENT_DETECTION_TASK-recall_false_mean": 0.8822624903604339,
    "test_ARGUMENT_DETECTION_TASK-recall_false_std": 0.013658225036713732,
    "test_ARGUMENT_DETECTION_TASK-recall_macro_mean": 0.7848819473485126,
    "test_ARGUMENT_DETECTION_TASK-recall_macro_std": 0.004470934298022012,
    "test_ARGUMENT_DETECTION_TASK-recall_micro_mean": 0.7410401509027217,
    "test_ARGUMENT_DETECTION_TASK-recall_micro_std": 0.0181669475148273,
    "test_ARGUMENT_DETECTION_TASK-recall_true_mean": 0.6875014043365913,
    "test_ARGUMENT_DETECTION_TASK-recall_true_std": 0.02188081427165346,
    "test_ARGUMENT_DETECTION_TASK-recall_weighted_mean": 0.7410401509027217,
    "test_ARGUMENT_DETECTION_TASK-recall_weighted_std": 0.0181669475148273,
    "test_ARGUMENT_DETECTION_TASK_loss_mean": 0.5460293690363566,
    "test_ARGUMENT_DETECTION_TASK_loss_std": 0.011416636573471353,
    "test_STRENGTH_REGRESSION_TASK-mean_squared_error_mean": 0.03010068026681741,
    "test_STRENGTH_REGRESSION_TASK-mean_squared_error_std": 0.0006663343412770237,
    "test_STRENGTH_REGRESSION_TASK-pearson_mean": 0.520021576113265,
    "test_STRENGTH_REGRESSION_TASK-pearson_std": 0.007211749727477275,
    "test_STRENGTH_REGRESSION_TASK-root_mean_squared_error_mean": 0.17348486681779227,
    "test_STRENGTH_REGRESSION_TASK-root_mean_squared_error_std": 0.0019186957165765375,
    "test_STRENGTH_REGRESSION_TASK-spearman_mean": 0.4662464825531745,
    "test_STRENGTH_REGRESSION_TASK-spearman_std": 0.010007636730965528,
    "test_STRENGTH_REGRESSION_TASK_loss_mean": 0.5481511155764262,
    "test_STRENGTH_REGRESSION_TASK_loss_std": 0.012055363747424008,
    "test_loss_mean": 1.0941804846127827,
    "test_loss_std": 0.012994006426096058
}