{
    "epochs_trained_best_mean": 2.1978777832777623,
    "epochs_trained_best_std": 0.4086014039883853,
    "epochs_trained_total_mean": 5.241083400375436,
    "epochs_trained_total_std": 0.4086539901918916,
    "test_ARGUMENT_DETECTION_TASK-f1_false_mean": 0.7824288691822535,
    "test_ARGUMENT_DETECTION_TASK-f1_false_std": 0.0033696488989371346,
    "test_ARGUMENT_DETECTION_TASK-f1_macro_mean": 0.7903627644730151,
    "test_ARGUMENT_DETECTION_TASK-f1_macro_std": 0.010789319269892557,
    "test_ARGUMENT_DETECTION_TASK-f1_micro_mean": 0.790957134468585,
    "test_ARGUMENT_DETECTION_TASK-f1_micro_std": 0.011187073921499414,
    "test_ARGUMENT_DETECTION_TASK-f1_true_mean": 0.798296659763777,
    "test_ARGUMENT_DETECTION_TASK-f1_true_std": 0.01833554907337604,
    "test_ARGUMENT_DETECTION_TASK-f1_weighted_mean": 0.7906244080678766,
    "test_ARGUMENT_DETECTION_TASK-f1_weighted_std": 0.01070545678611758,
    "test_ARGUMENT_DETECTION_TASK-precision_false_mean": 0.8506205673758865,
    "test_ARGUMENT_DETECTION_TASK-precision_false_std": 0.029149910396539563,
    "test_ARGUMENT_DETECTION_TASK-precision_macro_mean": 0.797199523085069,
    "test_ARGUMENT_DETECTION_TASK-precision_macro_std": 0.0070077974878392695,
    "test_ARGUMENT_DETECTION_TASK-precision_micro_mean": 0.7909571344685848,
    "test_ARGUMENT_DETECTION_TASK-precision_micro_std": 0.011187073921499466,
    "test_ARGUMENT_DETECTION_TASK-precision_true_mean": 0.7437784787942516,
    "test_ARGUMENT_DETECTION_TASK-precision_true_std": 0.04298265803085712,
    "test_ARGUMENT_DETECTION_TASK-precision_weighted_mean": 0.8018539741868681,
    "test_ARGUMENT_DETECTION_TASK-precision_weighted_std": 0.0013675204150867446,
    "test_ARGUMENT_DETECTION_TASK-recall_false_mean": 0.7259651213581417,
    "test_ARGUMENT_DETECTION_TASK-recall_false_std": 0.025562684433779917,
    "test_ARGUMENT_DETECTION_TASK-recall_macro_mean": 0.7951196780327071,
    "test_ARGUMENT_DETECTION_TASK-recall_macro_std": 0.004313361569304845,
    "test_ARGUMENT_DETECTION_TASK-recall_micro_mean": 0.7909571344685848,
    "test_ARGUMENT_DETECTION_TASK-recall_micro_std": 0.011187073921499466,
    "test_ARGUMENT_DETECTION_TASK-recall_true_mean": 0.8642742347072724,
    "test_ARGUMENT_DETECTION_TASK-recall_true_std": 0.017301355621635015,
    "test_ARGUMENT_DETECTION_TASK-recall_weighted_mean": 0.7909571344685848,
    "test_ARGUMENT_DETECTION_TASK-recall_weighted_std": 0.011187073921499466,
    "test_ARGUMENT_DETECTION_TASK_loss_mean": 0.44743165373802185,
    "test_ARGUMENT_DETECTION_TASK_loss_std": 0.009008909385017298,
    "test_STRENGTH_REGRESSION_TASK-mean_squared_error_mean": 0.026000026613473892,
    "test_STRENGTH_REGRESSION_TASK-mean_squared_error_std": 0.00011275068701670798,
    "test_STRENGTH_REGRESSION_TASK-pearson_mean": 0.5370489610366006,
    "test_STRENGTH_REGRESSION_TASK-pearson_std": 0.0039387741359590365,
    "test_STRENGTH_REGRESSION_TASK-root_mean_squared_error_mean": 0.16124485929807028,
    "test_STRENGTH_REGRESSION_TASK-root_mean_squared_error_std": 0.0003498359729119515,
    "test_STRENGTH_REGRESSION_TASK-spearman_mean": 0.4861770024936141,
    "test_STRENGTH_REGRESSION_TASK-spearman_std": 0.0065426222850340655,
    "test_STRENGTH_REGRESSION_TASK_loss_mean": 0.3849280873934428,
    "test_STRENGTH_REGRESSION_TASK_loss_std": 0.0017504135586146228,
    "test_loss_mean": 0.8323597411314646,
    "test_loss_std": 0.010143579823240427
}