{
    "all_splits_metric": {
        "threshold": 0.613389790058136,
        "f1_macro": 0.5965471457840201,
        "f1_true": 0.8669532952470699,
        "f1_false": 0.32614099632097043
    },
    "test_split_metric": {
        "threshold": 0.6671284437179565,
        "f1_macro": 0.6092105652129123,
        "f1_true": 0.8233248081841432,
        "f1_false": 0.3950963222416813
    }
}