{
    "all_splits_metric": {
        "threshold": 0.4886956512928009,
        "f1_macro": 0.6039630056136792,
        "f1_true": 0.9361603480865937,
        "f1_false": 0.27176566314076483
    },
    "test_split_metric": {
        "threshold": 0.40557876229286194,
        "f1_macro": 0.5898985500968368,
        "f1_true": 0.9510662773205912,
        "f1_false": 0.22873082287308227
    }
}