{
    "epochs_trained_best_mean": 3.2146118721461185,
    "epochs_trained_best_std": 1.1483148261449296,
    "epochs_trained_total_mean": 6.2283105022831045,
    "epochs_trained_total_std": 1.1483148261449299,
    "test_ARGUMENT_PROB_REGRESSION_TASK-mean_squared_error_mean": 0.033123087137937546,
    "test_ARGUMENT_PROB_REGRESSION_TASK-mean_squared_error_std": 0.0008474671832704464,
    "test_ARGUMENT_PROB_REGRESSION_TASK-pearson_mean": 0.8387859320420844,
    "test_ARGUMENT_PROB_REGRESSION_TASK-pearson_std": 0.005587408197964192,
    "test_ARGUMENT_PROB_REGRESSION_TASK-root_mean_squared_error_mean": 0.1819824626048406,
    "test_ARGUMENT_PROB_REGRESSION_TASK-root_mean_squared_error_std": 0.0023390125587886717,
    "test_ARGUMENT_PROB_REGRESSION_TASK-spearman_mean": 0.8183662276501485,
    "test_ARGUMENT_PROB_REGRESSION_TASK-spearman_std": 0.00527369992659745,
    "test_ARGUMENT_PROB_REGRESSION_TASK_loss_mean": 0.033110647151867546,
    "test_ARGUMENT_PROB_REGRESSION_TASK_loss_std": 0.0008383298557101702,
    "test_STRENGTH_REGRESSION_TASK-mean_squared_error_mean": 0.025403056914607685,
    "test_STRENGTH_REGRESSION_TASK-mean_squared_error_std": 0.00019854355144734837,
    "test_STRENGTH_REGRESSION_TASK-pearson_mean": 0.5559804784992081,
    "test_STRENGTH_REGRESSION_TASK-pearson_std": 0.003687162649100287,
    "test_STRENGTH_REGRESSION_TASK-root_mean_squared_error_mean": 0.1593821495771408,
    "test_STRENGTH_REGRESSION_TASK-root_mean_squared_error_std": 0.0006221782112744993,
    "test_STRENGTH_REGRESSION_TASK-spearman_mean": 0.5080780448488759,
    "test_STRENGTH_REGRESSION_TASK-spearman_std": 0.002154600329529842,
    "test_STRENGTH_REGRESSION_TASK_loss_mean": 0.04067722459634145,
    "test_STRENGTH_REGRESSION_TASK_loss_std": 0.0003303330191239114,
    "test_loss_mean": 0.073787871748209,
    "test_loss_std": 0.0005266676417614666
}