{
    "epochs_trained_best_mean": 4.079025765069191,
    "epochs_trained_best_std": 1.0997473281827481,
    "epochs_trained_total_mean": 7.088152145977898,
    "epochs_trained_total_std": 1.0997139028424563,
    "test_ARGUMENT_PROB_REGRESSION_TASK-mean_squared_error_mean": 0.038853805512189865,
    "test_ARGUMENT_PROB_REGRESSION_TASK-mean_squared_error_std": 0.0009595155059644776,
    "test_ARGUMENT_PROB_REGRESSION_TASK-pearson_mean": 0.7882203369223107,
    "test_ARGUMENT_PROB_REGRESSION_TASK-pearson_std": 0.004492134518223056,
    "test_ARGUMENT_PROB_REGRESSION_TASK-root_mean_squared_error_mean": 0.19709862768650055,
    "test_ARGUMENT_PROB_REGRESSION_TASK-root_mean_squared_error_std": 0.0024363957765596517,
    "test_ARGUMENT_PROB_REGRESSION_TASK-spearman_mean": 0.7806680093990255,
    "test_ARGUMENT_PROB_REGRESSION_TASK-spearman_std": 0.004473842537569587,
    "test_ARGUMENT_PROB_REGRESSION_TASK_loss_mean": 0.038843183467785515,
    "test_ARGUMENT_PROB_REGRESSION_TASK_loss_std": 0.0009470883280489697,
    "test_STRENGTH_REGRESSION_TASK-mean_squared_error_mean": 0.028985523929198582,
    "test_STRENGTH_REGRESSION_TASK-mean_squared_error_std": 0.00052244509357289,
    "test_STRENGTH_REGRESSION_TASK-pearson_mean": 0.5255881377042115,
    "test_STRENGTH_REGRESSION_TASK-pearson_std": 0.0048591426721696805,
    "test_STRENGTH_REGRESSION_TASK-root_mean_squared_error_mean": 0.17024447520573935,
    "test_STRENGTH_REGRESSION_TASK-root_mean_squared_error_std": 0.0015304340737362155,
    "test_STRENGTH_REGRESSION_TASK-spearman_mean": 0.4684306608052245,
    "test_STRENGTH_REGRESSION_TASK-spearman_std": 0.0025322023113930523,
    "test_STRENGTH_REGRESSION_TASK_loss_mean": 0.05225797121723493,
    "test_STRENGTH_REGRESSION_TASK_loss_std": 0.001016538630451792,
    "test_loss_mean": 0.09110115468502045,
    "test_loss_std": 0.0012901825927817375
}