{
    "all_splits_metric": {
        "threshold": 0.4884249269962311,
        "f1_macro": 0.5963459630413421,
        "f1_true": 0.9385458998065696,
        "f1_false": 0.2541460262761146
    },
    "test_split_metric": {
        "threshold": 0.4913514256477356,
        "f1_macro": 0.5818591618140498,
        "f1_true": 0.9373032292884771,
        "f1_false": 0.22641509433962262
    }
}