{
    "all_splits_metric": {
        "threshold": 0.6524443626403809,
        "f1_macro": 0.6044433886419746,
        "f1_true": 0.8304257095158597,
        "f1_false": 0.37846106776808935
    },
    "test_split_metric": {
        "threshold": 0.7014287710189819,
        "f1_macro": 0.6084534850492297,
        "f1_true": 0.7851609383524277,
        "f1_false": 0.4317460317460317
    }
}