{
    "all_splits_metric": {
        "f1_false_mean": 0.7546345169372044,
        "f1_false_std": 0.0060735772019112665,
        "f1_macro_mean": 0.7164379316629286,
        "f1_macro_std": 0.005945738128972671,
        "f1_true_mean": 0.6782413463886526,
        "f1_true_std": 0.010954277176872458,
        "threshold_mean": 0.2478920171658198,
        "threshold_std": 0.017771559200509126
    },
    "test_split_metric": {
        "f1_false_mean": 0.7630836034486258,
        "f1_false_std": 0.012828450275973662,
        "f1_macro_mean": 0.751565091400145,
        "f1_macro_std": 0.007061010307560315,
        "f1_true_mean": 0.7400465793516643,
        "f1_true_std": 0.004942716332716579,
        "threshold_mean": 0.21901088456312814,
        "threshold_std": 0.026974014295308976
    }
}