{
    "all_splits_metric": {
        "f1_false_mean": 0.7565493362897207,
        "f1_false_std": 0.0007735212283123609,
        "f1_macro_mean": 0.7156910282401974,
        "f1_macro_std": 0.0044630564613805995,
        "f1_true_mean": 0.674832720190674,
        "f1_true_std": 0.008290296208809538,
        "threshold_mean": 0.22518186767896017,
        "threshold_std": 0.022579682639317276
    },
    "test_split_metric": {
        "f1_false_mean": 0.7527766956048335,
        "f1_false_std": 0.00032598405214715685,
        "f1_macro_mean": 0.7201451296581265,
        "f1_macro_std": 0.004918151768359108,
        "f1_true_mean": 0.6875135637114197,
        "f1_true_std": 0.00978187288637117,
        "threshold_mean": 0.2397427260875702,
        "threshold_std": 0.02435514412824413
    }
}