{
    "all_splits_metric": {
        "threshold": 0.2727792263031006,
        "f1_macro": 0.7125502725051682,
        "f1_true": 0.6651005450103364,
        "f1_false": 0.7599999999999999
    },
    "test_split_metric": {
        "threshold": 0.20367088913917542,
        "f1_macro": 0.7576092369786741,
        "f1_true": 0.746880947346162,
        "f1_false": 0.7683375266111863
    }
}