{
    "all_splits_metric": {
        "threshold": 0.21926647424697876,
        "f1_macro": 0.715047783769093,
        "f1_true": 0.6742365276315188,
        "f1_false": 0.755859039906667
    },
    "test_split_metric": {
        "threshold": 0.23798109591007233,
        "f1_macro": 0.7186085369037611,
        "f1_true": 0.6849010451412051,
        "f1_false": 0.7523160286663171
    }
}