{
    "test_STRENGTH_REGRESSION_TASK_loss": 0.035989910364151,
    "test_ARGUMENT_PROB_REGRESSION_TASK_loss": 0.03995927795767784,
    "test_loss": 0.07594918832182884,
    "test_STRENGTH_REGRESSION_TASK-mean_squared_error": 0.025603624060750008,
    "test_STRENGTH_REGRESSION_TASK-root_mean_squared_error": 0.16001132130622864,
    "test_STRENGTH_REGRESSION_TASK-spearman": 0.4994888337380265,
    "test_STRENGTH_REGRESSION_TASK-pearson": 0.55082850860284,
    "test_ARGUMENT_PROB_REGRESSION_TASK-mean_squared_error": 0.03995928168296814,
    "test_ARGUMENT_PROB_REGRESSION_TASK-root_mean_squared_error": 0.19989818334579468,
    "test_ARGUMENT_PROB_REGRESSION_TASK-spearman": 0.7826835685405861,
    "test_ARGUMENT_PROB_REGRESSION_TASK-pearson": 0.8039227677900528,
    "epochs_trained_total": 7.634703196347032,
    "epochs_trained_best": 4.621004566210046
}