{
    "test_STRENGTH_REGRESSION_TASK_loss": 0.06808841973543167,
    "test_ARGUMENT_PROB_REGRESSION_TASK_loss": 0.05114887282252312,
    "test_loss": 0.11923729255795479,
    "test_STRENGTH_REGRESSION_TASK-mean_squared_error": 0.028419790789484978,
    "test_STRENGTH_REGRESSION_TASK-root_mean_squared_error": 0.16858170926570892,
    "test_STRENGTH_REGRESSION_TASK-spearman": 0.47223348213327765,
    "test_STRENGTH_REGRESSION_TASK-pearson": 0.5337973741829484,
    "test_ARGUMENT_PROB_REGRESSION_TASK-mean_squared_error": 0.05114886537194252,
    "test_ARGUMENT_PROB_REGRESSION_TASK-root_mean_squared_error": 0.2261611521244049,
    "test_ARGUMENT_PROB_REGRESSION_TASK-spearman": 0.7069551564032895,
    "test_ARGUMENT_PROB_REGRESSION_TASK-pearson": 0.7087595007979258,
    "epochs_trained_total": 5.917501927525058,
    "epochs_trained_best": 2.9086026423428253
}