{
    "test_loss": 0.028771281242370605,
    "test_mean_squared_error": 0.028771281242370605,
    "test_root_mean_squared_error": 0.16962099075317383,
    "test_spearman": 0.47688658835986597,
    "test_pearson": 0.5300484920459488,
    "epochs_trained_total": 5.3323170731707314,
    "epochs_trained_best": 3.3201219512195124
}