{
    "test_ARGUMENT_DETECTION_TASK_loss": 0.4768737852573395,
    "test_ARGUMENT_PROB_REGRESSION_TASK_loss": 0.4066549241542816,
    "test_loss": 0.8835287094116211,
    "test_ARGUMENT_DETECTION_TASK-f1_micro": 0.769199676637025,
    "test_ARGUMENT_DETECTION_TASK-f1_macro": 0.7596557250060271,
    "test_ARGUMENT_DETECTION_TASK-f1_weighted": 0.7761495318815043,
    "test_ARGUMENT_DETECTION_TASK-precision_micro": 0.769199676637025,
    "test_ARGUMENT_DETECTION_TASK-precision_macro": 0.7606378795029102,
    "test_ARGUMENT_DETECTION_TASK-precision_weighted": 0.8150755747138496,
    "test_ARGUMENT_DETECTION_TASK-recall_micro": 0.769199676637025,
    "test_ARGUMENT_DETECTION_TASK-recall_macro": 0.7948410053288628,
    "test_ARGUMENT_DETECTION_TASK-recall_weighted": 0.769199676637025,
    "test_ARGUMENT_DETECTION_TASK-f1_true": 0.8075497135153353,
    "test_ARGUMENT_DETECTION_TASK-f1_false": 0.7117617364967188,
    "test_ARGUMENT_DETECTION_TASK-precision_true": 0.9187116564417178,
    "test_ARGUMENT_DETECTION_TASK-precision_false": 0.6025641025641025,
    "test_ARGUMENT_DETECTION_TASK-recall_true": 0.7203848466626579,
    "test_ARGUMENT_DETECTION_TASK-recall_false": 0.8692971639950678,
    "test_ARGUMENT_PROB_REGRESSION_TASK-mean_squared_error": 0.053507234901189804,
    "test_ARGUMENT_PROB_REGRESSION_TASK-root_mean_squared_error": 0.23131631314754486,
    "test_ARGUMENT_PROB_REGRESSION_TASK-spearman": 0.6920887533688524,
    "test_ARGUMENT_PROB_REGRESSION_TASK-pearson": 0.696209015834285,
    "epochs_trained_total": 4.141295206055509,
    "epochs_trained_best": 1.1110792016246487
}