{
    "all_splits_metric": {
        "f1_false_mean": 0.7409422294173237,
        "f1_false_std": 0.006266020554381592,
        "f1_macro_mean": 0.7072616022665454,
        "f1_macro_std": 0.0024527207827869583,
        "f1_true_mean": 0.6735809751157672,
        "f1_true_std": 0.008277847610083586,
        "threshold_mean": 0.2567143787940343,
        "threshold_std": 0.0186777888453175
    },
    "test_split_metric": {
        "f1_false_mean": 0.7564496470620009,
        "f1_false_std": 0.006416681696993833,
        "f1_macro_mean": 0.7500975494769717,
        "f1_macro_std": 0.005909802812821023,
        "f1_true_mean": 0.7437454518919425,
        "f1_true_std": 0.008232765264352232,
        "threshold_mean": 0.2355093757311503,
        "threshold_std": 0.027008600041275983
    }
}