{
    "all_splits_metric": {
        "f1_false_mean": 0.7434215053443866,
        "f1_false_std": 0.0024023513544733748,
        "f1_macro_mean": 0.7089981646103715,
        "f1_macro_std": 0.007088613968177309,
        "f1_true_mean": 0.6745748238763566,
        "f1_true_std": 0.011890133268785153,
        "threshold_mean": 0.18011795977751413,
        "threshold_std": 0.013640269599237476
    },
    "test_split_metric": {
        "f1_false_mean": 0.7509380566092871,
        "f1_false_std": 0.0050721892369902655,
        "f1_macro_mean": 0.7207905891844472,
        "f1_macro_std": 0.007166747060686171,
        "f1_true_mean": 0.6906431217596074,
        "f1_true_std": 0.016291411976227122,
        "threshold_mean": 0.19797074794769287,
        "threshold_std": 0.028714507314677746
    }
}