{
    "test_ARGUMENT_DETECTION_TASK_loss": 0.4867863953113556,
    "test_ARGUMENT_PROB_REGRESSION_TASK_loss": 0.37712353467941284,
    "test_loss": 0.8639099299907684,
    "test_ARGUMENT_DETECTION_TASK-f1_micro": 0.7896119644300728,
    "test_ARGUMENT_DETECTION_TASK-f1_macro": 0.781221363145189,
    "test_ARGUMENT_DETECTION_TASK-f1_weighted": 0.7956819453389515,
    "test_ARGUMENT_DETECTION_TASK-precision_micro": 0.7896119644300728,
    "test_ARGUMENT_DETECTION_TASK-precision_macro": 0.7812968643490116,
    "test_ARGUMENT_DETECTION_TASK-precision_weighted": 0.833111107391445,
    "test_ARGUMENT_DETECTION_TASK-recall_micro": 0.7896119644300728,
    "test_ARGUMENT_DETECTION_TASK-recall_macro": 0.8165283506756122,
    "test_ARGUMENT_DETECTION_TASK-recall_weighted": 0.7896119644300728,
    "test_ARGUMENT_DETECTION_TASK-f1_true": 0.8240662497887443,
    "test_ARGUMENT_DETECTION_TASK-f1_false": 0.7383764765016335,
    "test_ARGUMENT_DETECTION_TASK-precision_true": 0.9348159509202454,
    "test_ARGUMENT_DETECTION_TASK-precision_false": 0.6277777777777778,
    "test_ARGUMENT_DETECTION_TASK-recall_true": 0.7367784829253551,
    "test_ARGUMENT_DETECTION_TASK-recall_false": 0.8962782184258694,
    "test_ARGUMENT_PROB_REGRESSION_TASK-mean_squared_error": 0.037698112428188324,
    "test_ARGUMENT_PROB_REGRESSION_TASK-root_mean_squared_error": 0.19416001439094543,
    "test_ARGUMENT_PROB_REGRESSION_TASK-spearman": 0.7836560291991203,
    "test_ARGUMENT_PROB_REGRESSION_TASK-pearson": 0.7937184274390788,
    "epochs_trained_total": 6.968881412952061,
    "epochs_trained_best": 3.9389329725381215
}