{
    "test_ARGUMENT_DETECTION_TASK_loss": 0.41173624992370605,
    "test_ARGUMENT_PROB_REGRESSION_TASK_loss": 0.31190523505210876,
    "test_loss": 0.7236414849758148,
    "test_ARGUMENT_DETECTION_TASK-f1_micro": 0.8128792327265609,
    "test_ARGUMENT_DETECTION_TASK-f1_macro": 0.8125472642101201,
    "test_ARGUMENT_DETECTION_TASK-f1_weighted": 0.812289409595024,
    "test_ARGUMENT_DETECTION_TASK-precision_micro": 0.8128792327265609,
    "test_ARGUMENT_DETECTION_TASK-precision_macro": 0.8191468387140077,
    "test_ARGUMENT_DETECTION_TASK-precision_weighted": 0.8209000886300941,
    "test_ARGUMENT_DETECTION_TASK-recall_micro": 0.8128792327265609,
    "test_ARGUMENT_DETECTION_TASK-recall_macro": 0.8151257390889741,
    "test_ARGUMENT_DETECTION_TASK-recall_weighted": 0.8128792327265609,
    "test_ARGUMENT_DETECTION_TASK-f1_true": 0.8204357625845229,
    "test_ARGUMENT_DETECTION_TASK-f1_false": 0.8046587658357173,
    "test_ARGUMENT_DETECTION_TASK-precision_true": 0.7655099894847529,
    "test_ARGUMENT_DETECTION_TASK-precision_false": 0.8727836879432624,
    "test_ARGUMENT_DETECTION_TASK-recall_true": 0.8838526912181303,
    "test_ARGUMENT_DETECTION_TASK-recall_false": 0.7463987869598181,
    "test_ARGUMENT_PROB_REGRESSION_TASK-mean_squared_error": 0.033748943358659744,
    "test_ARGUMENT_PROB_REGRESSION_TASK-root_mean_squared_error": 0.18370886147022247,
    "test_ARGUMENT_PROB_REGRESSION_TASK-spearman": 0.8109907705732906,
    "test_ARGUMENT_PROB_REGRESSION_TASK-pearson": 0.8283809289826756,
    "epochs_trained_total": 4.907301066447908,
    "epochs_trained_best": 1.9028310257655152
}