{
    "all_splits_metric": {
        "f1_false_mean": 0.7477883731772641,
        "f1_false_std": 0.009216580775402857,
        "f1_macro_mean": 0.711849766964737,
        "f1_macro_std": 0.006460269024278199,
        "f1_true_mean": 0.6759111607522099,
        "f1_true_std": 0.009984449902825961,
        "threshold_mean": 0.25230319797992706,
        "threshold_std": 0.018756400839672883
    },
    "test_split_metric": {
        "f1_false_mean": 0.7597666252553134,
        "f1_false_std": 0.01067116744207223,
        "f1_macro_mean": 0.7508313204385583,
        "f1_macro_std": 0.006552117043293559,
        "f1_true_mean": 0.7418960156218032,
        "f1_true_std": 0.007037389348268294,
        "threshold_mean": 0.22726013014713922,
        "threshold_std": 0.028223766835805235
    }
}