{
    "all_splits_metric": {
        "f1_false_mean": 0.7421818673808551,
        "f1_false_std": 0.004904472967584253,
        "f1_macro_mean": 0.7081298834384585,
        "f1_macro_std": 0.005374574942037319,
        "f1_true_mean": 0.6740778994960618,
        "f1_true_std": 0.010256507638682391,
        "threshold_mean": 0.21841616928577423,
        "threshold_std": 0.04164386181640288
    },
    "test_split_metric": {
        "f1_false_mean": 0.7536938518356441,
        "f1_false_std": 0.006406626347602899,
        "f1_macro_mean": 0.7354440693307094,
        "f1_macro_std": 0.01605828436527521,
        "f1_true_mean": 0.7171942868257749,
        "f1_true_std": 0.029522171844385266,
        "threshold_mean": 0.2167400618394216,
        "threshold_std": 0.033604774173075294
    }
}