{
    "all_splits_metric": {
        "f1_false_mean": 0.7555919266134626,
        "f1_false_std": 0.004433956568044579,
        "f1_macro_mean": 0.7160644799515629,
        "f1_macro_std": 0.005270180605882232,
        "f1_true_mean": 0.6765370332896632,
        "f1_true_std": 0.00986241770501341,
        "threshold_mean": 0.23653694242238998,
        "threshold_std": 0.023276015867919088
    },
    "test_split_metric": {
        "f1_false_mean": 0.7579301495267297,
        "f1_false_std": 0.010435314483416367,
        "f1_macro_mean": 0.7358551105291359,
        "f1_macro_std": 0.016847152301131495,
        "f1_true_mean": 0.7137800715315418,
        "f1_true_std": 0.02738589370497078,
        "threshold_mean": 0.22937680532534918,
        "threshold_std": 0.027709881984667197
    }
}