{
    "all_splits_metric": {
        "f1_false_mean": 0.7499854208170537,
        "f1_false_std": 0.006802190815672024,
        "f1_macro_mean": 0.7123445964252845,
        "f1_macro_std": 0.00680310711186556,
        "f1_true_mean": 0.6747037720335153,
        "f1_true_std": 0.010250305742604522,
        "threshold_mean": 0.20264991372823715,
        "threshold_std": 0.029251298437053805
    },
    "test_split_metric": {
        "f1_false_mean": 0.7518573761070603,
        "f1_false_std": 0.003709694457503604,
        "f1_macro_mean": 0.7204678594212869,
        "f1_macro_std": 0.006154623841004695,
        "f1_true_mean": 0.6890783427355135,
        "f1_true_std": 0.013527605259852322,
        "threshold_mean": 0.21885673701763153,
        "threshold_std": 0.03383892030407753
    }
}