{
    "all_splits_metric": {
        "f1_false_mean": 0.7488868969971588,
        "f1_false_std": 0.00817400361659116,
        "f1_macro_mean": 0.7120971816950107,
        "f1_macro_std": 0.006638515283520743,
        "f1_true_mean": 0.6753074663928625,
        "f1_true_std": 0.01013624440899903,
        "threshold_mean": 0.2274765558540821,
        "threshold_std": 0.034929681870879005
    },
    "test_split_metric": {
        "f1_false_mean": 0.7558120006811868,
        "f1_false_std": 0.008913858833001215,
        "f1_macro_mean": 0.7356495899299227,
        "f1_macro_std": 0.016458728912752716,
        "f1_true_mean": 0.7154871791786586,
        "f1_true_std": 0.028525201467010357,
        "threshold_mean": 0.2230584335823854,
        "threshold_std": 0.031440118080186485
    }
}