{
    "all_splits_metric": {
        "threshold": 0.7000203132629395,
        "f1_macro": 0.5472001316821691,
        "f1_true": 0.7599330730619075,
        "f1_false": 0.3344671903024306
    },
    "test_split_metric": {
        "threshold": 0.707631528377533,
        "f1_macro": 0.5527840178516543,
        "f1_true": 0.7613210759278175,
        "f1_false": 0.3442469597754911
    }
}