{
    "all_splits_metric": {
        "threshold": 0.7699751257896423,
        "f1_macro": 0.542028708553488,
        "f1_true": 0.6331364183349744,
        "f1_false": 0.4509209987720016
    },
    "test_split_metric": {
        "threshold": 0.8308334350585938,
        "f1_macro": 0.5453123030922781,
        "f1_true": 0.5402722177742194,
        "f1_false": 0.5503523884103367
    }
}