{
    "test_STRENGTH_REGRESSION_TASK_loss": 0.37975573539733887,
    "test_ARGUMENT_DETECTION_TASK_loss": 0.4226120114326477,
    "test_loss": 0.8023677468299866,
    "test_STRENGTH_REGRESSION_TASK-mean_squared_error": 0.025652289390563965,
    "test_STRENGTH_REGRESSION_TASK-root_mean_squared_error": 0.16016332805156708,
    "test_STRENGTH_REGRESSION_TASK-spearman": 0.510408985532301,
    "test_STRENGTH_REGRESSION_TASK-pearson": 0.5538195186373082,
    "test_ARGUMENT_DETECTION_TASK-f1_micro": 0.8185554903112156,
    "test_ARGUMENT_DETECTION_TASK-f1_macro": 0.817993080648586,
    "test_ARGUMENT_DETECTION_TASK-f1_weighted": 0.8179356514928949,
    "test_ARGUMENT_DETECTION_TASK-precision_micro": 0.8185554903112156,
    "test_ARGUMENT_DETECTION_TASK-precision_macro": 0.8233016664056498,
    "test_ARGUMENT_DETECTION_TASK-precision_weighted": 0.8235322176732187,
    "test_ARGUMENT_DETECTION_TASK-recall_micro": 0.8185554903112156,
    "test_ARGUMENT_DETECTION_TASK-recall_macro": 0.8188974079193779,
    "test_ARGUMENT_DETECTION_TASK-recall_weighted": 0.8185554903112156,
    "test_ARGUMENT_DETECTION_TASK-f1_true": 0.828110513628778,
    "test_ARGUMENT_DETECTION_TASK-f1_false": 0.8078756476683939,
    "test_ARGUMENT_DETECTION_TASK-precision_true": 0.7826848930949877,
    "test_ARGUMENT_DETECTION_TASK-precision_false": 0.8639184397163121,
    "test_ARGUMENT_DETECTION_TASK-recall_true": 0.8791338582677165,
    "test_ARGUMENT_DETECTION_TASK-recall_false": 0.7586609575710394,
    "epochs_trained_total": 5.984714400643604,
    "epochs_trained_best": 2.9416392816722796
}