{
    "test_STRENGTH_REGRESSION_TASK_loss": 0.5262667536735535,
    "test_ARGUMENT_DETECTION_TASK_loss": 0.49398401379585266,
    "test_loss": 1.0202507674694061,
    "test_STRENGTH_REGRESSION_TASK-mean_squared_error": 0.028915753588080406,
    "test_STRENGTH_REGRESSION_TASK-root_mean_squared_error": 0.17004632949829102,
    "test_STRENGTH_REGRESSION_TASK-spearman": 0.4744814708825017,
    "test_STRENGTH_REGRESSION_TASK-pearson": 0.5295108157430441,
    "test_ARGUMENT_DETECTION_TASK-f1_micro": 0.7932497978981407,
    "test_ARGUMENT_DETECTION_TASK-f1_macro": 0.7850748991178007,
    "test_ARGUMENT_DETECTION_TASK-f1_weighted": 0.7991543620949252,
    "test_ARGUMENT_DETECTION_TASK-precision_micro": 0.7932497978981407,
    "test_ARGUMENT_DETECTION_TASK-precision_macro": 0.7849893162393162,
    "test_ARGUMENT_DETECTION_TASK-precision_weighted": 0.8362166316011302,
    "test_ARGUMENT_DETECTION_TASK-recall_micro": 0.7932497978981407,
    "test_ARGUMENT_DETECTION_TASK-recall_macro": 0.8202897176210817,
    "test_ARGUMENT_DETECTION_TASK-recall_weighted": 0.7932497978981407,
    "test_ARGUMENT_DETECTION_TASK-f1_true": 0.8269913749365805,
    "test_ARGUMENT_DETECTION_TASK-f1_false": 0.7431584232990209,
    "test_ARGUMENT_DETECTION_TASK-precision_true": 0.9375,
    "test_ARGUMENT_DETECTION_TASK-precision_false": 0.6324786324786325,
    "test_ARGUMENT_DETECTION_TASK-recall_true": 0.7397881996974282,
    "test_ARGUMENT_DETECTION_TASK-recall_false": 0.9007912355447353,
    "epochs_trained_total": 5.269102990033223,
    "epochs_trained_best": 2.229235880398671
}