{
    "all_splits_metric": {
        "threshold": 0.5882353186607361,
        "f1_macro": 0.6646361822675901,
        "f1_true": 0.4727099388257726,
        "f1_false": 0.8565624257094077
    },
    "test_split_metric": {
        "threshold": 0.5882353186607361,
        "f1_macro": 0.6626938188070348,
        "f1_true": 0.46636771300448426,
        "f1_false": 0.8590199246095853
    }
}