{
    "all_splits_metric": {
        "threshold": 0.5882353186607361,
        "f1_macro": 0.6341416816367056,
        "f1_true": 0.41305281236582225,
        "f1_false": 0.855230550907589
    },
    "test_split_metric": {
        "threshold": 0.5882353186607361,
        "f1_macro": 0.6443189782737253,
        "f1_true": 0.42209753992231336,
        "f1_false": 0.8665404166251371
    }
}