{
    "all_splits_metric": {
        "threshold": 0.1785714328289032,
        "f1_macro": 0.7113055819321503,
        "f1_true": 0.687869822485207,
        "f1_false": 0.7347413413790935
    },
    "test_split_metric": {
        "threshold": 0.1818181872367859,
        "f1_macro": 0.7083784806818569,
        "f1_true": 0.6806026365348401,
        "f1_false": 0.7361543248288737
    }
}