{
    "all_splits_metric": {
        "threshold": 0.4736842215061188,
        "f1_macro": 0.6749411002992869,
        "f1_true": 0.5228883355678989,
        "f1_false": 0.8269938650306747
    },
    "test_split_metric": {
        "threshold": 0.4736842215061188,
        "f1_macro": 0.7029813590473808,
        "f1_true": 0.562192118226601,
        "f1_false": 0.8437705998681607
    }
}