{
    "all_splits_metric": {
        "threshold": 0.6757199764251709,
        "f1_macro": 0.6894908877351563,
        "f1_true": 0.6538137658999247,
        "f1_false": 0.725168009570388
    },
    "test_split_metric": {
        "threshold": 0.6435333490371704,
        "f1_macro": 0.7227525529912195,
        "f1_true": 0.7159726538222497,
        "f1_false": 0.7295324521601894
    }
}