{
    "all_splits_metric": {
        "threshold": 0.680692732334137,
        "f1_macro": 0.6884827572095462,
        "f1_true": 0.6529708669087044,
        "f1_false": 0.723994647510388
    },
    "test_split_metric": {
        "threshold": 0.660210132598877,
        "f1_macro": 0.7166282364688554,
        "f1_true": 0.7101942719807731,
        "f1_false": 0.7230622009569377
    }
}