{
    "all_splits_metric": {
        "f1_false_mean": 0.8124979267444342,
        "f1_false_std": 0.010303001458309764,
        "f1_macro_mean": 0.6752392319920905,
        "f1_macro_std": 0.009048917657044825,
        "f1_true_mean": 0.5379805372397466,
        "f1_true_std": 0.02011521545545312,
        "threshold_mean": 0.4436090290546417,
        "threshold_std": 0.02126637252792989
    },
    "test_split_metric": {
        "f1_false_mean": 0.8323560631833563,
        "f1_false_std": 0.010432031708968172,
        "f1_macro_mean": 0.7111725714441889,
        "f1_macro_std": 0.00878092394714519,
        "f1_true_mean": 0.5899890797050216,
        "f1_true_std": 0.02790554803038291,
        "threshold_mean": 0.42535192767779034,
        "threshold_std": 0.05537306325768254
    }
}