{
    "all_splits_metric": {
        "f1_false_mean": 0.7476727251739327,
        "f1_false_std": 0.018287738342913355,
        "f1_macro_mean": 0.7091647689277748,
        "f1_macro_std": 0.003027566785292499,
        "f1_true_mean": 0.6706568126816168,
        "f1_true_std": 0.024342871913498248,
        "threshold_mean": 0.2087912162144979,
        "threshold_std": 0.042737227515885136
    },
    "test_split_metric": {
        "f1_false_mean": 0.7522929526266169,
        "f1_false_std": 0.022823466309660003,
        "f1_macro_mean": 0.7063269437906937,
        "f1_macro_std": 0.002901311295191918,
        "f1_true_mean": 0.6603609349547701,
        "f1_true_std": 0.02862608890004384,
        "threshold_mean": 0.22266139586766562,
        "threshold_std": 0.057761019576623954
    }
}