{
    "all_splits_metric": {
        "threshold": 0.6362158060073853,
        "f1_macro": 0.6756465772249152,
        "f1_true": 0.6513442456110593,
        "f1_false": 0.6999489088387709
    },
    "test_split_metric": {
        "threshold": 0.660316526889801,
        "f1_macro": 0.7081302101155912,
        "f1_true": 0.6865356161488058,
        "f1_false": 0.7297248040823766
    }
}