{
    "all_splits_metric": {
        "threshold": 0.696328341960907,
        "f1_macro": 0.6760832308993385,
        "f1_true": 0.6344691002385561,
        "f1_false": 0.7176973615601209
    },
    "test_split_metric": {
        "threshold": 0.6889222860336304,
        "f1_macro": 0.6935096343678433,
        "f1_true": 0.667989417989418,
        "f1_false": 0.7190298507462687
    }
}