{
    "all_splits_metric": {
        "f1_false_mean": 0.8283933130593709,
        "f1_false_std": 0.01832130602250112,
        "f1_macro_mean": 0.6644655840895705,
        "f1_macro_std": 0.015892327008820418,
        "f1_true_mean": 0.50053785511977,
        "f1_true_std": 0.04722631528292646,
        "threshold_mean": 0.4922575205564499,
        "threshold_std": 0.05614998523167829
    },
    "test_split_metric": {
        "f1_false_mean": 0.8434750713092951,
        "f1_false_std": 0.01461932719234598,
        "f1_macro_mean": 0.6923045716469702,
        "f1_macro_std": 0.024627470291227235,
        "f1_true_mean": 0.5411340719846454,
        "f1_true_std": 0.06330508016372902,
        "threshold_mean": 0.4686099241177241,
        "threshold_std": 0.06973046103766622
    }
}