{
    "all_splits_metric": {
        "f1_false_mean": 0.8481527847535716,
        "f1_false_std": 0.0070730264694302564,
        "f1_macro_mean": 0.6570711077353514,
        "f1_macro_std": 0.010552362747100828,
        "f1_true_mean": 0.4659894307171309,
        "f1_true_std": 0.025260566901867287,
        "threshold_mean": 0.5551588932673136,
        "threshold_std": 0.029184617395855907
    },
    "test_split_metric": {
        "f1_false_mean": 0.8491093867197629,
        "f1_false_std": 0.011180960539881978,
        "f1_macro_mean": 0.6634395660712896,
        "f1_macro_std": 0.018256372434671538,
        "f1_true_mean": 0.4777697454228163,
        "f1_true_std": 0.03800389098779093,
        "threshold_mean": 0.5133934716383616,
        "threshold_std": 0.05295414990357229
    }
}