{
    "all_splits_metric": {
        "f1_false_mean": 0.7800853259591837,
        "f1_false_std": 0.035649309895682914,
        "f1_macro_mean": 0.6922020004599326,
        "f1_macro_std": 0.018255411520842597,
        "f1_true_mean": 0.6043186749606818,
        "f1_true_std": 0.06999533676745827,
        "threshold_mean": 0.3262001226345698,
        "threshold_std": 0.12216470813978075
    },
    "test_split_metric": {
        "f1_false_mean": 0.7923245079049868,
        "f1_false_std": 0.04378806193459266,
        "f1_macro_mean": 0.7087497576174412,
        "f1_macro_std": 0.006973603310890127,
        "f1_true_mean": 0.625175007329896,
        "f1_true_std": 0.045134640699993414,
        "threshold_mean": 0.32400666177272797,
        "threshold_std": 0.11606945627469364
    }
}