{
    "all_splits_metric": {
        "f1_false_mean": 0.7998447976533841,
        "f1_false_std": 0.05379880437821541,
        "f1_macro_mean": 0.6848075241057133,
        "f1_macro_std": 0.02454055626079563,
        "f1_true_mean": 0.5697702505580428,
        "f1_true_std": 0.10236232789276789,
        "threshold_mean": 0.38910149534543353,
        "threshold_std": 0.18306723770807107
    },
    "test_split_metric": {
        "f1_false_mean": 0.7979588233154544,
        "f1_false_std": 0.049041618390008895,
        "f1_macro_mean": 0.6798847520417607,
        "f1_macro_std": 0.02692201244571651,
        "f1_true_mean": 0.5618106807680668,
        "f1_true_std": 0.1006195452700382,
        "threshold_mean": 0.3687902092933655,
        "threshold_std": 0.15609489939495214
    }
}