{
    "all_splits_metric": {
        "f1_false_mean": 0.8141190553563775,
        "f1_false_std": 0.04264674942383392,
        "f1_macro_mean": 0.674636554097642,
        "f1_macro_std": 0.023040206391813606,
        "f1_true_mean": 0.5351540528389064,
        "f1_true_std": 0.0869049288472454,
        "threshold_mean": 0.44067950795094174,
        "threshold_std": 0.14489136815602405
    },
    "test_split_metric": {
        "f1_false_mean": 0.8207169473123749,
        "f1_false_std": 0.04274733604323508,
        "f1_macro_mean": 0.6860946618443654,
        "f1_macro_std": 0.026537077896648394,
        "f1_true_mean": 0.5514723763763559,
        "f1_true_std": 0.08469234658538148,
        "threshold_mean": 0.41870006670554477,
        "threshold_std": 0.13078597506509224
    }
}