{
    "all_splits_metric": {
        "threshold": 0.6432104110717773,
        "f1_macro": 0.7011873166053851,
        "f1_true": 0.665717083592985,
        "f1_false": 0.7366575496177853
    },
    "test_split_metric": {
        "threshold": 0.6264173984527588,
        "f1_macro": 0.7178460006010667,
        "f1_true": 0.7007958700795871,
        "f1_false": 0.7348961311225463
    }
}