{
    "all_splits_metric": {
        "threshold": 0.6869374513626099,
        "f1_macro": 0.6980773958304215,
        "f1_true": 0.661882688536281,
        "f1_false": 0.734272103124562
    },
    "test_split_metric": {
        "threshold": 0.6943554282188416,
        "f1_macro": 0.7189954285277615,
        "f1_true": 0.6984797297297297,
        "f1_false": 0.7395111273257935
    }
}