{
    "all_splits_metric": {
        "threshold": 0.703353762626648,
        "f1_macro": 0.6780384985317397,
        "f1_true": 0.6377617360893153,
        "f1_false": 0.7183152609741641
    },
    "test_split_metric": {
        "threshold": 0.7219150066375732,
        "f1_macro": 0.703346757028531,
        "f1_true": 0.6704820603125687,
        "f1_false": 0.7362114537444934
    }
}