{
    "all_splits_metric": {
        "threshold": 0.7153100371360779,
        "f1_macro": 0.6762140819274225,
        "f1_true": 0.6400529918304261,
        "f1_false": 0.7123751720244188
    },
    "test_split_metric": {
        "threshold": 0.7120411396026611,
        "f1_macro": 0.7023008171961297,
        "f1_true": 0.680340388391883,
        "f1_false": 0.7242612460003763
    }
}