{
    "test_loss": 0.5188487768173218,
    "test_f1_micro": 0.7514147130153597,
    "test_f1_macro": 0.7378382471754692,
    "test_f1_weighted": 0.7617598352983316,
    "test_precision_micro": 0.7514147130153598,
    "test_precision_macro": 0.741263567720623,
    "test_precision_weighted": 0.8164123448279282,
    "test_recall_micro": 0.7514147130153598,
    "test_recall_macro": 0.786641077815494,
    "test_recall_weighted": 0.7514147130153598,
    "test_f1_true": 0.7974975304576886,
    "test_f1_false": 0.6781789638932497,
    "test_precision_true": 0.928680981595092,
    "test_precision_false": 0.5538461538461539,
    "test_recall_true": 0.6987882285054818,
    "test_recall_false": 0.8744939271255061,
    "epochs_trained_total": 3.065693430656934,
    "epochs_trained_best": 1.0218978102189782
}