{
    "all_splits_metric": {
        "f1_false_mean": 0.29959799276293897,
        "f1_false_std": 0.04473628380246823,
        "f1_macro_mean": 0.5990427726654172,
        "f1_macro_std": 0.003652892807386702,
        "f1_true_mean": 0.8984875525678953,
        "f1_true_std": 0.042004771910619576,
        "threshold_mean": 0.5537694146235784,
        "threshold_std": 0.06766281663575065
    },
    "test_split_metric": {
        "f1_false_mean": 0.309807931769013,
        "f1_false_std": 0.08590357614302968,
        "f1_macro_mean": 0.5974084967826846,
        "f1_macro_std": 0.013226679423987092,
        "f1_true_mean": 0.8850090617963563,
        "f1_true_std": 0.06283650804474704,
        "threshold_mean": 0.5559483617544174,
        "threshold_std": 0.10408862519468828
    }
}