{
    "all_splits_metric": {
        "f1_false_mean": 0.29801920356374845,
        "f1_false_std": 0.038458992728227205,
        "f1_macro_mean": 0.5751443165203923,
        "f1_macro_std": 0.0239683743266186,
        "f1_true_mean": 0.852269429477036,
        "f1_true_std": 0.0855536711199739,
        "threshold_mean": 0.5902779251337051,
        "threshold_std": 0.1018409810694617
    },
    "test_split_metric": {
        "f1_false_mean": 0.29262802933159304,
        "f1_false_std": 0.06580946921284794,
        "f1_macro_mean": 0.5680929107492826,
        "f1_macro_std": 0.01667264388804015,
        "f1_true_mean": 0.8435577921669722,
        "f1_true_std": 0.09876853159593776,
        "threshold_mean": 0.5976204027732214,
        "threshold_std": 0.13841599253435705
    }
}