{
    "all_splits_metric": {
        "f1_false_mean": 0.37170691533050587,
        "f1_false_std": 0.04180733099024906,
        "f1_macro_mean": 0.550106640269519,
        "f1_macro_std": 0.00419462264438383,
        "f1_true_mean": 0.7285063652085321,
        "f1_true_std": 0.047874912761404695,
        "threshold_mean": 0.7212501466274261,
        "threshold_std": 0.031053587360573245
    },
    "test_split_metric": {
        "f1_false_mean": 0.4144921192067883,
        "f1_false_std": 0.06934617617740765,
        "f1_macro_mean": 0.5494344512940035,
        "f1_macro_std": 0.00247584751738027,
        "f1_true_mean": 0.6843767833812188,
        "f1_true_std": 0.07416304805295955,
        "threshold_mean": 0.7590586841106415,
        "threshold_std": 0.03703315196651223
    }
}