{
    "all_splits_metric": {
        "f1_false_mean": 0.3732857045296964,
        "f1_false_std": 0.04513777979046536,
        "f1_macro_mean": 0.5740050964145439,
        "f1_macro_std": 0.02555736944287852,
        "f1_true_mean": 0.7747244882993914,
        "f1_true_std": 0.0904277090829903,
        "threshold_mean": 0.6847416361172994,
        "threshold_std": 0.0688055089925933
    },
    "test_split_metric": {
        "f1_false_mean": 0.4316720216442083,
        "f1_false_std": 0.060582208255814785,
        "f1_macro_mean": 0.5787500373274055,
        "f1_macro_std": 0.031576338643370214,
        "f1_true_mean": 0.7258280530106026,
        "f1_true_std": 0.11353356964465013,
        "threshold_mean": 0.7173866430918375,
        "threshold_std": 0.08063395447341186
    }
}