{
    "all_splits_metric": {
        "f1_false_mean": 0.33565245404672245,
        "f1_false_std": 0.056342862768548156,
        "f1_macro_mean": 0.574574706467468,
        "f1_macro_std": 0.024782161043031284,
        "f1_true_mean": 0.8134969588882138,
        "f1_true_std": 0.09618526436836562,
        "threshold_mean": 0.6375097806255022,
        "threshold_std": 0.09891278946454879
    },
    "test_split_metric": {
        "f1_false_mean": 0.36215002548790065,
        "f1_false_std": 0.09398857934436236,
        "f1_macro_mean": 0.5734214740383441,
        "f1_macro_std": 0.025805322995355668,
        "f1_true_mean": 0.7846929225887874,
        "f1_true_std": 0.12160435849669979,
        "threshold_mean": 0.6575035229325294,
        "threshold_std": 0.12812649562701642
    }
}