{
    "epochs_trained_best_mean": 3.1646118194667507,
    "epochs_trained_best_std": 0.5613172143191834,
    "epochs_trained_total_mean": 6.194561255957388,
    "epochs_trained_total_std": 0.5613062272635532,
    "test_ARGUMENT_DETECTION_TASK-f1_false_mean": 0.6877382378523892,
    "test_ARGUMENT_DETECTION_TASK-f1_false_std": 0.05330261267844607,
    "test_ARGUMENT_DETECTION_TASK-f1_macro_mean": 0.7486367983227634,
    "test_ARGUMENT_DETECTION_TASK-f1_macro_std": 0.03375493597036006,
    "test_ARGUMENT_DETECTION_TASK-f1_micro_mean": 0.7638776610078146,
    "test_ARGUMENT_DETECTION_TASK-f1_micro_std": 0.026054336136516153,
    "test_ARGUMENT_DETECTION_TASK-f1_true_mean": 0.8095353587931374,
    "test_ARGUMENT_DETECTION_TASK-f1_true_std": 0.014234658247803364,
    "test_ARGUMENT_DETECTION_TASK-f1_weighted_mean": 0.7758200567959257,
    "test_ARGUMENT_DETECTION_TASK-f1_weighted_std": 0.01943075687918668,
    "test_ARGUMENT_DETECTION_TASK-precision_false_mean": 0.5575498575498575,
    "test_ARGUMENT_DETECTION_TASK-precision_false_std": 0.0727837986890792,
    "test_ARGUMENT_DETECTION_TASK-precision_macro_mean": 0.7532764625172601,
    "test_ARGUMENT_DETECTION_TASK-precision_macro_std": 0.028454504207514563,
    "test_ARGUMENT_DETECTION_TASK-precision_micro_mean": 0.7638776610078146,
    "test_ARGUMENT_DETECTION_TASK-precision_micro_std": 0.026054336136516153,
    "test_ARGUMENT_DETECTION_TASK-precision_true_mean": 0.9490030674846626,
    "test_ARGUMENT_DETECTION_TASK-precision_true_std": 0.015923737062478575,
    "test_ARGUMENT_DETECTION_TASK-precision_weighted_mean": 0.8390594699778152,
    "test_ARGUMENT_DETECTION_TASK-precision_weighted_std": 0.009381855729214683,
    "test_ARGUMENT_DETECTION_TASK-recall_false_mean": 0.9100188701864415,
    "test_ARGUMENT_DETECTION_TASK-recall_false_std": 0.01735257233521819,
    "test_ARGUMENT_DETECTION_TASK-recall_macro_mean": 0.8084403231010558,
    "test_ARGUMENT_DETECTION_TASK-recall_macro_std": 0.00663543466874883,
    "test_ARGUMENT_DETECTION_TASK-recall_micro_mean": 0.7638776610078146,
    "test_ARGUMENT_DETECTION_TASK-recall_micro_std": 0.026054336136516153,
    "test_ARGUMENT_DETECTION_TASK-recall_true_mean": 0.7068617760156707,
    "test_ARGUMENT_DETECTION_TASK-recall_true_std": 0.02988305389950174,
    "test_ARGUMENT_DETECTION_TASK-recall_weighted_mean": 0.7638776610078146,
    "test_ARGUMENT_DETECTION_TASK-recall_weighted_std": 0.026054336136516153,
    "test_ARGUMENT_DETECTION_TASK_loss_mean": 0.5245351095994314,
    "test_ARGUMENT_DETECTION_TASK_loss_std": 0.054753322046917775,
    "test_ARGUMENT_PROB_REGRESSION_TASK-mean_squared_error_mean": 0.03790792326132456,
    "test_ARGUMENT_PROB_REGRESSION_TASK-mean_squared_error_std": 0.0005385307342632557,
    "test_ARGUMENT_PROB_REGRESSION_TASK-pearson_mean": 0.7940837861140683,
    "test_ARGUMENT_PROB_REGRESSION_TASK-pearson_std": 0.0035715878656971335,
    "test_ARGUMENT_PROB_REGRESSION_TASK-root_mean_squared_error_mean": 0.19469467798868814,
    "test_ARGUMENT_PROB_REGRESSION_TASK-root_mean_squared_error_std": 0.001380451154883063,
    "test_ARGUMENT_PROB_REGRESSION_TASK-spearman_mean": 0.7866863212762155,
    "test_ARGUMENT_PROB_REGRESSION_TASK-spearman_std": 0.002615743365292946,
    "test_ARGUMENT_PROB_REGRESSION_TASK_loss_mean": 0.37925488750139874,
    "test_ARGUMENT_PROB_REGRESSION_TASK_loss_std": 0.005542740505785458,
    "test_loss_mean": 0.9037899971008301,
    "test_loss_std": 0.060158903017128174
}