{
    "epochs_trained_best_mean": 1.8027065433193332,
    "epochs_trained_best_std": 0.0817515399536562,
    "epochs_trained_total_mean": 4.807219031993437,
    "epochs_trained_total_std": 0.08171663894436632,
    "test_ARGUMENT_DETECTION_TASK-f1_false_mean": 0.8043491451269036,
    "test_ARGUMENT_DETECTION_TASK-f1_false_std": 0.002645009679628257,
    "test_ARGUMENT_DETECTION_TASK-f1_macro_mean": 0.8118453863189986,
    "test_ARGUMENT_DETECTION_TASK-f1_macro_std": 0.0042908082653627545,
    "test_ARGUMENT_DETECTION_TASK-f1_micro_mean": 0.8121615449859725,
    "test_ARGUMENT_DETECTION_TASK-f1_micro_std": 0.004424124357842903,
    "test_ARGUMENT_DETECTION_TASK-f1_true_mean": 0.8193416275110934,
    "test_ARGUMENT_DETECTION_TASK-f1_true_std": 0.005938695538813289,
    "test_ARGUMENT_DETECTION_TASK-f1_weighted_mean": 0.8116017482817034,
    "test_ARGUMENT_DETECTION_TASK-f1_weighted_std": 0.00436499188291268,
    "test_ARGUMENT_DETECTION_TASK-precision_false_mean": 0.8742612293144209,
    "test_ARGUMENT_DETECTION_TASK-precision_false_std": 0.0058842516996867305,
    "test_ARGUMENT_DETECTION_TASK-precision_macro_mean": 0.8186588305702843,
    "test_ARGUMENT_DETECTION_TASK-precision_macro_std": 0.0033470636005268257,
    "test_ARGUMENT_DETECTION_TASK-precision_micro_mean": 0.8121615449859725,
    "test_ARGUMENT_DETECTION_TASK-precision_micro_std": 0.004424124357842903,
    "test_ARGUMENT_DETECTION_TASK-precision_true_mean": 0.7630564318261479,
    "test_ARGUMENT_DETECTION_TASK-precision_true_std": 0.012569520558738959,
    "test_ARGUMENT_DETECTION_TASK-precision_weighted_mean": 0.8208786687674302,
    "test_ARGUMENT_DETECTION_TASK-precision_weighted_std": 0.0018997038200042244,
    "test_ARGUMENT_DETECTION_TASK-recall_false_mean": 0.7449076480804386,
    "test_ARGUMENT_DETECTION_TASK-recall_false_std": 0.008764838884097325,
    "test_ARGUMENT_DETECTION_TASK-recall_macro_mean": 0.8148447009855307,
    "test_ARGUMENT_DETECTION_TASK-recall_macro_std": 0.0028326222315730775,
    "test_ARGUMENT_DETECTION_TASK-recall_micro_mean": 0.8121615449859725,
    "test_ARGUMENT_DETECTION_TASK-recall_micro_std": 0.004424124357842903,
    "test_ARGUMENT_DETECTION_TASK-recall_true_mean": 0.8847817538906227,
    "test_ARGUMENT_DETECTION_TASK-recall_true_std": 0.0031198519125522524,
    "test_ARGUMENT_DETECTION_TASK-recall_weighted_mean": 0.8121615449859725,
    "test_ARGUMENT_DETECTION_TASK-recall_weighted_std": 0.004424124357842903,
    "test_ARGUMENT_DETECTION_TASK_loss_mean": 0.41429465015729267,
    "test_ARGUMENT_DETECTION_TASK_loss_std": 0.011807910677385139,
    "test_ARGUMENT_PROB_REGRESSION_TASK-mean_squared_error_mean": 0.03429993117849032,
    "test_ARGUMENT_PROB_REGRESSION_TASK-mean_squared_error_std": 0.0011942463949641661,
    "test_ARGUMENT_PROB_REGRESSION_TASK-pearson_mean": 0.8246351519675614,
    "test_ARGUMENT_PROB_REGRESSION_TASK-pearson_std": 0.007538958539079411,
    "test_ARGUMENT_PROB_REGRESSION_TASK-root_mean_squared_error_mean": 0.1851746141910553,
    "test_ARGUMENT_PROB_REGRESSION_TASK-root_mean_squared_error_std": 0.003208233221316139,
    "test_ARGUMENT_PROB_REGRESSION_TASK-spearman_mean": 0.8066170067965901,
    "test_ARGUMENT_PROB_REGRESSION_TASK-spearman_std": 0.005568402746568979,
    "test_ARGUMENT_PROB_REGRESSION_TASK_loss_mean": 0.31706395745277405,
    "test_ARGUMENT_PROB_REGRESSION_TASK_loss_std": 0.011199543629734313,
    "test_loss_mean": 0.7313586076100668,
    "test_loss_std": 0.022916512605769355
}