{
    "test_ARGUMENT_PROB_REGRESSION_TASK_loss": 0.03894723206758499,
    "test_STRENGTH_REGRESSION_TASK_loss": 0.053662098944187164,
    "test_loss": 0.09260933101177216,
    "test_STRENGTH_REGRESSION_TASK-mean_squared_error": 0.02970895729959011,
    "test_STRENGTH_REGRESSION_TASK-root_mean_squared_error": 0.17236286401748657,
    "test_STRENGTH_REGRESSION_TASK-spearman": 0.4661589597480978,
    "test_STRENGTH_REGRESSION_TASK-pearson": 0.5205428618569601,
    "test_ARGUMENT_PROB_REGRESSION_TASK-mean_squared_error": 0.03894723206758499,
    "test_ARGUMENT_PROB_REGRESSION_TASK-root_mean_squared_error": 0.19735053181648254,
    "test_ARGUMENT_PROB_REGRESSION_TASK-spearman": 0.7799096347671101,
    "test_ARGUMENT_PROB_REGRESSION_TASK-pearson": 0.7874950456044786,
    "epochs_trained_total": 8.626060138781805,
    "epochs_trained_best": 5.616969392695128
}