{
    "test_ARGUMENT_PROB_REGRESSION_TASK_loss": 0.033689435571432114,
    "test_STRENGTH_REGRESSION_TASK_loss": 0.040563855320215225,
    "test_loss": 0.07425329089164734,
    "test_STRENGTH_REGRESSION_TASK-mean_squared_error": 0.025318585336208344,
    "test_STRENGTH_REGRESSION_TASK-root_mean_squared_error": 0.1591181457042694,
    "test_STRENGTH_REGRESSION_TASK-spearman": 0.507159860520203,
    "test_STRENGTH_REGRESSION_TASK-pearson": 0.552307441417677,
    "test_ARGUMENT_PROB_REGRESSION_TASK-mean_squared_error": 0.033689435571432114,
    "test_ARGUMENT_PROB_REGRESSION_TASK-root_mean_squared_error": 0.18354682624340057,
    "test_ARGUMENT_PROB_REGRESSION_TASK-spearman": 0.8155029858332022,
    "test_ARGUMENT_PROB_REGRESSION_TASK-pearson": 0.8352348272714485,
    "epochs_trained_total": 5.223744292237443,
    "epochs_trained_best": 2.2100456621004567
}