{
    "test_ARGUMENT_DETECTION_TASK_loss": 0.5309992432594299,
    "test_STRENGTH_REGRESSION_TASK_loss": 0.5320171117782593,
    "test_ARGUMENT_PROB_REGRESSION_TASK_loss": 0.38836371898651123,
    "test_loss": 1.4513800740242004,
    "test_STRENGTH_REGRESSION_TASK-mean_squared_error": 0.029241029173135757,
    "test_STRENGTH_REGRESSION_TASK-root_mean_squared_error": 0.17100007832050323,
    "test_STRENGTH_REGRESSION_TASK-spearman": 0.4680307954207805,
    "test_STRENGTH_REGRESSION_TASK-pearson": 0.5260019158475846,
    "test_ARGUMENT_DETECTION_TASK-f1_micro": 0.7605092966855296,
    "test_ARGUMENT_DETECTION_TASK-f1_macro": 0.7460933803953229,
    "test_ARGUMENT_DETECTION_TASK-f1_weighted": 0.7716483125806763,
    "test_ARGUMENT_DETECTION_TASK-precision_micro": 0.7605092966855295,
    "test_ARGUMENT_DETECTION_TASK-precision_macro": 0.7498030386450631,
    "test_ARGUMENT_DETECTION_TASK-precision_weighted": 0.8332958718710879,
    "test_ARGUMENT_DETECTION_TASK-recall_micro": 0.7605092966855295,
    "test_ARGUMENT_DETECTION_TASK-recall_macro": 0.8031584414985251,
    "test_ARGUMENT_DETECTION_TASK-recall_weighted": 0.7605092966855295,
    "test_ARGUMENT_DETECTION_TASK-f1_true": 0.8065937653011261,
    "test_ARGUMENT_DETECTION_TASK-f1_false": 0.6855929954895198,
    "test_ARGUMENT_DETECTION_TASK-precision_true": 0.9474693251533742,
    "test_ARGUMENT_DETECTION_TASK-precision_false": 0.5521367521367522,
    "test_ARGUMENT_DETECTION_TASK-recall_true": 0.7021881216254617,
    "test_ARGUMENT_DETECTION_TASK-recall_false": 0.9041287613715885,
    "test_ARGUMENT_PROB_REGRESSION_TASK-mean_squared_error": 0.03883637487888336,
    "test_ARGUMENT_PROB_REGRESSION_TASK-root_mean_squared_error": 0.1970694661140442,
    "test_ARGUMENT_PROB_REGRESSION_TASK-spearman": 0.7843127159093206,
    "test_ARGUMENT_PROB_REGRESSION_TASK-pearson": 0.7940142868166746,
    "epochs_trained_total": 6.8585365853658535,
    "epochs_trained_best": 3.8327116212338592
}