{
    "all_splits_metric": {
        "threshold": 0.19416840374469757,
        "f1_macro": 0.7019969347782664,
        "f1_true": 0.6621688929137424,
        "f1_false": 0.7418249766427903
    },
    "test_split_metric": {
        "threshold": 0.20165246725082397,
        "f1_macro": 0.7148902330358093,
        "f1_true": 0.6835276006157907,
        "f1_false": 0.7462528654558279
    }
}