{
    "all_splits_metric": {
        "threshold": 0.23845486342906952,
        "f1_macro": 0.7038307753067854,
        "f1_true": 0.6646776964108128,
        "f1_false": 0.7429838542027579
    },
    "test_split_metric": {
        "threshold": 0.20560109615325928,
        "f1_macro": 0.7418203944635093,
        "f1_true": 0.7330543933054393,
        "f1_false": 0.7505863956215794
    }
}