{
    "epochs_trained_best_mean": 2.2534985605952493,
    "epochs_trained_best_std": 0.48648559700203614,
    "epochs_trained_total_mean": 5.258135083401695,
    "epochs_trained_total_std": 0.48661638622669784,
    "test_ARGUMENT_DETECTION_TASK-f1_false_mean": 0.7972082647606982,
    "test_ARGUMENT_DETECTION_TASK-f1_false_std": 0.0077192633876258234,
    "test_ARGUMENT_DETECTION_TASK-f1_macro_mean": 0.8048084703686643,
    "test_ARGUMENT_DETECTION_TASK-f1_macro_std": 0.007957963110505237,
    "test_ARGUMENT_DETECTION_TASK-f1_micro_mean": 0.8051151562601945,
    "test_ARGUMENT_DETECTION_TASK-f1_micro_std": 0.008003276164107736,
    "test_ARGUMENT_DETECTION_TASK-f1_true_mean": 0.8124086759766304,
    "test_ARGUMENT_DETECTION_TASK-f1_true_std": 0.008399868046112167,
    "test_ARGUMENT_DETECTION_TASK-f1_weighted_mean": 0.8045337382668243,
    "test_ARGUMENT_DETECTION_TASK-f1_weighted_std": 0.00800730901134762,
    "test_ARGUMENT_DETECTION_TASK-precision_false_mean": 0.8673906619385342,
    "test_ARGUMENT_DETECTION_TASK-precision_false_std": 0.008958641727926936,
    "test_ARGUMENT_DETECTION_TASK-precision_macro_mean": 0.8116308374536695,
    "test_ARGUMENT_DETECTION_TASK-precision_macro_std": 0.007725304230855727,
    "test_ARGUMENT_DETECTION_TASK-precision_micro_mean": 0.8051151562601945,
    "test_ARGUMENT_DETECTION_TASK-precision_micro_std": 0.008003276164107754,
    "test_ARGUMENT_DETECTION_TASK-precision_true_mean": 0.7558710129688048,
    "test_ARGUMENT_DETECTION_TASK-precision_true_std": 0.0119563047016345,
    "test_ARGUMENT_DETECTION_TASK-precision_weighted_mean": 0.8138956920592432,
    "test_ARGUMENT_DETECTION_TASK-precision_weighted_std": 0.007460152616487331,
    "test_ARGUMENT_DETECTION_TASK-recall_false_mean": 0.737604138455756,
    "test_ARGUMENT_DETECTION_TASK-recall_false_std": 0.009926143685659675,
    "test_ARGUMENT_DETECTION_TASK-recall_macro_mean": 0.8079040534193475,
    "test_ARGUMENT_DETECTION_TASK-recall_macro_std": 0.007538760869458901,
    "test_ARGUMENT_DETECTION_TASK-recall_micro_mean": 0.8051151562601945,
    "test_ARGUMENT_DETECTION_TASK-recall_micro_std": 0.008003276164107754,
    "test_ARGUMENT_DETECTION_TASK-recall_true_mean": 0.8782039683829388,
    "test_ARGUMENT_DETECTION_TASK-recall_true_std": 0.007580947256336787,
    "test_ARGUMENT_DETECTION_TASK-recall_weighted_mean": 0.8051151562601945,
    "test_ARGUMENT_DETECTION_TASK-recall_weighted_std": 0.008003276164107754,
    "test_ARGUMENT_DETECTION_TASK_loss_mean": 0.4359668393929799,
    "test_ARGUMENT_DETECTION_TASK_loss_std": 0.025013294381152514,
    "test_ARGUMENT_PROB_REGRESSION_TASK-mean_squared_error_mean": 0.03755700526138147,
    "test_ARGUMENT_PROB_REGRESSION_TASK-mean_squared_error_std": 0.0034209677329664085,
    "test_ARGUMENT_PROB_REGRESSION_TASK-pearson_mean": 0.8092307408611408,
    "test_ARGUMENT_PROB_REGRESSION_TASK-pearson_std": 0.017076607276838622,
    "test_ARGUMENT_PROB_REGRESSION_TASK-root_mean_squared_error_mean": 0.19359396398067474,
    "test_ARGUMENT_PROB_REGRESSION_TASK-root_mean_squared_error_std": 0.008853418416144215,
    "test_ARGUMENT_PROB_REGRESSION_TASK-spearman_mean": 0.7895275369052063,
    "test_ARGUMENT_PROB_REGRESSION_TASK-spearman_std": 0.018471883731675954,
    "test_ARGUMENT_PROB_REGRESSION_TASK_loss_mean": 0.372720534602801,
    "test_ARGUMENT_PROB_REGRESSION_TASK_loss_std": 0.056583871046375724,
    "test_loss_mean": 0.808687373995781,
    "test_loss_std": 0.08020199841088227
}