{
    "epochs_trained_best_mean": 2.4836591813930418,
    "epochs_trained_best_std": 0.7903016259552199,
    "epochs_trained_total_mean": 5.500890143975412,
    "epochs_trained_total_std": 0.8012806977089325,
    "test_ARGUMENT_DETECTION_TASK-f1_false_mean": 0.7460436914896466,
    "test_ARGUMENT_DETECTION_TASK-f1_false_std": 0.06945220098112964,
    "test_ARGUMENT_DETECTION_TASK-f1_macro_mean": 0.7802410923208809,
    "test_ARGUMENT_DETECTION_TASK-f1_macro_std": 0.03972070956171425,
    "test_ARGUMENT_DETECTION_TASK-f1_micro_mean": 0.7880196029968936,
    "test_ARGUMENT_DETECTION_TASK-f1_micro_std": 0.030529232170628962,
    "test_ARGUMENT_DETECTION_TASK-f1_true_mean": 0.8144384931521155,
    "test_ARGUMENT_DETECTION_TASK-f1_true_std": 0.011957739193067788,
    "test_ARGUMENT_DETECTION_TASK-f1_weighted_mean": 0.7937109025388146,
    "test_ARGUMENT_DETECTION_TASK-f1_weighted_std": 0.022768093791835593,
    "test_ARGUMENT_DETECTION_TASK-precision_false_mean": 0.7159055434321392,
    "test_ARGUMENT_DETECTION_TASK-precision_false_std": 0.1665610282631765,
    "test_ARGUMENT_DETECTION_TASK-precision_macro_mean": 0.7859676465437722,
    "test_ARGUMENT_DETECTION_TASK-precision_macro_std": 0.03845964554277645,
    "test_ARGUMENT_DETECTION_TASK-precision_micro_mean": 0.7880196029968936,
    "test_ARGUMENT_DETECTION_TASK-precision_micro_std": 0.030529232170628962,
    "test_ARGUMENT_DETECTION_TASK-precision_true_mean": 0.8560297496554052,
    "test_ARGUMENT_DETECTION_TASK-precision_true_std": 0.0940734657208708,
    "test_ARGUMENT_DETECTION_TASK-precision_weighted_mean": 0.8299690693726228,
    "test_ARGUMENT_DETECTION_TASK-precision_weighted_std": 0.011333553234826835,
    "test_ARGUMENT_DETECTION_TASK-recall_false_mean": 0.82746325913344,
    "test_ARGUMENT_DETECTION_TASK-recall_false_std": 0.08369226965491512,
    "test_ARGUMENT_DETECTION_TASK-recall_macro_mean": 0.8116425120432934,
    "test_ARGUMENT_DETECTION_TASK-recall_macro_std": 0.006023320097488203,
    "test_ARGUMENT_DETECTION_TASK-recall_micro_mean": 0.7880196029968936,
    "test_ARGUMENT_DETECTION_TASK-recall_micro_std": 0.030529232170628962,
    "test_ARGUMENT_DETECTION_TASK-recall_true_mean": 0.7958217649531467,
    "test_ARGUMENT_DETECTION_TASK-recall_true_std": 0.09146171234409657,
    "test_ARGUMENT_DETECTION_TASK-recall_weighted_mean": 0.7880196029968936,
    "test_ARGUMENT_DETECTION_TASK-recall_weighted_std": 0.030529232170628962,
    "test_ARGUMENT_DETECTION_TASK_loss_mean": 0.469414879878362,
    "test_ARGUMENT_DETECTION_TASK_loss_std": 0.06787426787356718,
    "test_ARGUMENT_PROB_REGRESSION_TASK-mean_squared_error_mean": 0.03610392721990744,
    "test_ARGUMENT_PROB_REGRESSION_TASK-mean_squared_error_std": 0.0020279353094376953,
    "test_ARGUMENT_PROB_REGRESSION_TASK-pearson_mean": 0.8093594690408149,
    "test_ARGUMENT_PROB_REGRESSION_TASK-pearson_std": 0.016375058984525005,
    "test_ARGUMENT_PROB_REGRESSION_TASK-root_mean_squared_error_mean": 0.18993464608987173,
    "test_ARGUMENT_PROB_REGRESSION_TASK-root_mean_squared_error_std": 0.005362565297918262,
    "test_ARGUMENT_PROB_REGRESSION_TASK-spearman_mean": 0.7966516640364029,
    "test_ARGUMENT_PROB_REGRESSION_TASK-spearman_std": 0.010873484610673468,
    "test_ARGUMENT_PROB_REGRESSION_TASK_loss_mean": 0.34815942247708637,
    "test_ARGUMENT_PROB_REGRESSION_TASK_loss_std": 0.032326518835046725,
    "test_loss_mean": 0.8175743023554484,
    "test_loss_std": 0.09749500552103242
}