{
    "epochs_trained_best_mean": 2.4913677794945897,
    "epochs_trained_best_std": 0.8582678274792617,
    "epochs_trained_total_mean": 5.521446593776283,
    "epochs_trained_total_std": 0.8581606757588501,
    "test_ARGUMENT_DETECTION_TASK-f1_false_mean": 0.6517568073168564,
    "test_ARGUMENT_DETECTION_TASK-f1_false_std": 0.0709895610651599,
    "test_ARGUMENT_DETECTION_TASK-f1_macro_mean": 0.7238314222181296,
    "test_ARGUMENT_DETECTION_TASK-f1_macro_std": 0.0459389575637943,
    "test_ARGUMENT_DETECTION_TASK-f1_micro_mean": 0.7432969549986527,
    "test_ARGUMENT_DETECTION_TASK-f1_micro_std": 0.03613112067400127,
    "test_ARGUMENT_DETECTION_TASK-f1_true_mean": 0.7959060371194031,
    "test_ARGUMENT_DETECTION_TASK-f1_true_std": 0.021142028783152425,
    "test_ARGUMENT_DETECTION_TASK-f1_weighted_mean": 0.7588586889122514,
    "test_ARGUMENT_DETECTION_TASK-f1_weighted_std": 0.027751541917441204,
    "test_ARGUMENT_DETECTION_TASK-precision_false_mean": 0.5183760683760684,
    "test_ARGUMENT_DETECTION_TASK-precision_false_std": 0.0895548143440738,
    "test_ARGUMENT_DETECTION_TASK-precision_macro_mean": 0.7317404370510198,
    "test_ARGUMENT_DETECTION_TASK-precision_macro_std": 0.03882664260054803,
    "test_ARGUMENT_DETECTION_TASK-precision_micro_mean": 0.7432969549986527,
    "test_ARGUMENT_DETECTION_TASK-precision_micro_std": 0.03613112067400127,
    "test_ARGUMENT_DETECTION_TASK-precision_true_mean": 0.9451048057259714,
    "test_ARGUMENT_DETECTION_TASK-precision_true_std": 0.016534355097578297,
    "test_ARGUMENT_DETECTION_TASK-precision_weighted_mean": 0.8332140101840926,
    "test_ARGUMENT_DETECTION_TASK-precision_weighted_std": 0.011058925375304184,
    "test_ARGUMENT_DETECTION_TASK-recall_false_mean": 0.8957410694480387,
    "test_ARGUMENT_DETECTION_TASK-recall_false_std": 0.020057194581995424,
    "test_ARGUMENT_DETECTION_TASK-recall_macro_mean": 0.7922385764781374,
    "test_ARGUMENT_DETECTION_TASK-recall_macro_std": 0.019327464474290387,
    "test_ARGUMENT_DETECTION_TASK-recall_micro_mean": 0.7432969549986527,
    "test_ARGUMENT_DETECTION_TASK-recall_micro_std": 0.03613112067400127,
    "test_ARGUMENT_DETECTION_TASK-recall_true_mean": 0.688736083508236,
    "test_ARGUMENT_DETECTION_TASK-recall_true_std": 0.03738039356282515,
    "test_ARGUMENT_DETECTION_TASK-recall_weighted_mean": 0.7432969549986527,
    "test_ARGUMENT_DETECTION_TASK-recall_weighted_std": 0.03613112067400127,
    "test_ARGUMENT_DETECTION_TASK_loss_mean": 0.5393575131893158,
    "test_ARGUMENT_DETECTION_TASK_loss_std": 0.05668195390389677,
    "test_ARGUMENT_PROB_REGRESSION_TASK-mean_squared_error_mean": 0.04620811467369398,
    "test_ARGUMENT_PROB_REGRESSION_TASK-mean_squared_error_std": 0.008369454030433744,
    "test_ARGUMENT_PROB_REGRESSION_TASK-pearson_mean": 0.739960917501366,
    "test_ARGUMENT_PROB_REGRESSION_TASK-pearson_std": 0.054731321580695304,
    "test_ARGUMENT_PROB_REGRESSION_TASK-root_mean_squared_error_mean": 0.21407258013884226,
    "test_ARGUMENT_PROB_REGRESSION_TASK-root_mean_squared_error_std": 0.019520370503975676,
    "test_ARGUMENT_PROB_REGRESSION_TASK-spearman_mean": 0.7334318260018996,
    "test_ARGUMENT_PROB_REGRESSION_TASK-spearman_std": 0.05380467080243906,
    "test_ARGUMENT_PROB_REGRESSION_TASK_loss_mean": 0.3971604108810425,
    "test_ARGUMENT_PROB_REGRESSION_TASK_loss_std": 0.02017889136964261,
    "test_loss_mean": 0.9365179240703583,
    "test_loss_std": 0.06903732893410036
}