{
    "epochs_trained_best_mean": 2.37243317004492,
    "epochs_trained_best_std": 0.7076661580244918,
    "epochs_trained_total_mean": 5.389790838588989,
    "epochs_trained_total_std": 0.7098949670588919,
    "test_ARGUMENT_DETECTION_TASK-f1_false_mean": 0.7244825360387773,
    "test_ARGUMENT_DETECTION_TASK-f1_false_std": 0.08853577820220612,
    "test_ARGUMENT_DETECTION_TASK-f1_macro_mean": 0.764319946293397,
    "test_ARGUMENT_DETECTION_TASK-f1_macro_std": 0.052212824873316604,
    "test_ARGUMENT_DETECTION_TASK-f1_micro_mean": 0.7742060556294236,
    "test_ARGUMENT_DETECTION_TASK-f1_micro_std": 0.04049848956519526,
    "test_ARGUMENT_DETECTION_TASK-f1_true_mean": 0.8041573565480166,
    "test_ARGUMENT_DETECTION_TASK-f1_true_std": 0.018079155246938105,
    "test_ARGUMENT_DETECTION_TASK-f1_weighted_mean": 0.7816962135895379,
    "test_ARGUMENT_DETECTION_TASK-f1_weighted_std": 0.030637967810953456,
    "test_ARGUMENT_DETECTION_TASK-precision_false_mean": 0.6928833651573013,
    "test_ARGUMENT_DETECTION_TASK-precision_false_std": 0.18574971775698276,
    "test_ARGUMENT_DETECTION_TASK-precision_macro_mean": 0.7716856372523447,
    "test_ARGUMENT_DETECTION_TASK-precision_macro_std": 0.048777179804380934,
    "test_ARGUMENT_DETECTION_TASK-precision_micro_mean": 0.7742060556294236,
    "test_ARGUMENT_DETECTION_TASK-precision_micro_std": 0.04049848956519526,
    "test_ARGUMENT_DETECTION_TASK-precision_true_mean": 0.8504879093473882,
    "test_ARGUMENT_DETECTION_TASK-precision_true_std": 0.09571063755205655,
    "test_ARGUMENT_DETECTION_TASK-precision_weighted_mean": 0.8235548511216678,
    "test_ARGUMENT_DETECTION_TASK-precision_weighted_std": 0.01350097061518679,
    "test_ARGUMENT_DETECTION_TASK-recall_false_mean": 0.8166726039518974,
    "test_ARGUMENT_DETECTION_TASK-recall_false_std": 0.08063641812108652,
    "test_ARGUMENT_DETECTION_TASK-recall_macro_mean": 0.8000713149487425,
    "test_ARGUMENT_DETECTION_TASK-recall_macro_std": 0.016629602856797782,
    "test_ARGUMENT_DETECTION_TASK-recall_micro_mean": 0.7742060556294236,
    "test_ARGUMENT_DETECTION_TASK-recall_micro_std": 0.04049848956519526,
    "test_ARGUMENT_DETECTION_TASK-recall_true_mean": 0.7834700259455875,
    "test_ARGUMENT_DETECTION_TASK-recall_true_std": 0.09849823420666454,
    "test_ARGUMENT_DETECTION_TASK-recall_weighted_mean": 0.7742060556294236,
    "test_ARGUMENT_DETECTION_TASK-recall_weighted_std": 0.04049848956519526,
    "test_ARGUMENT_DETECTION_TASK_loss_mean": 0.4876621762911479,
    "test_ARGUMENT_DETECTION_TASK_loss_std": 0.06776180527477053,
    "test_ARGUMENT_PROB_REGRESSION_TASK-mean_squared_error_mean": 0.04188255996753772,
    "test_ARGUMENT_PROB_REGRESSION_TASK-mean_squared_error_std": 0.007719184802472408,
    "test_ARGUMENT_PROB_REGRESSION_TASK-pearson_mean": 0.7745958291812532,
    "test_ARGUMENT_PROB_REGRESSION_TASK-pearson_std": 0.053321113511460266,
    "test_ARGUMENT_PROB_REGRESSION_TASK-root_mean_squared_error_mean": 0.2038332720597585,
    "test_ARGUMENT_PROB_REGRESSION_TASK-root_mean_squared_error_std": 0.018290909520040075,
    "test_ARGUMENT_PROB_REGRESSION_TASK-spearman_mean": 0.7614796814535528,
    "test_ARGUMENT_PROB_REGRESSION_TASK-spearman_std": 0.04903833948875656,
    "test_ARGUMENT_PROB_REGRESSION_TASK_loss_mean": 0.3849404727419217,
    "test_ARGUMENT_PROB_REGRESSION_TASK_loss_std": 0.04420167358680319,
    "test_loss_mean": 0.8726026490330696,
    "test_loss_std": 0.09840944594305683
}