{
    "epochs_trained_best_mean": 2.2612071586967972,
    "epochs_trained_best_std": 0.5935180462614433,
    "epochs_trained_total_mean": 5.278691533202566,
    "epochs_trained_total_std": 0.5840931951970381,
    "test_ARGUMENT_DETECTION_TASK-f1_false_mean": 0.7029213805879082,
    "test_ARGUMENT_DETECTION_TASK-f1_false_std": 0.09961823615113931,
    "test_ARGUMENT_DETECTION_TASK-f1_macro_mean": 0.748398800265913,
    "test_ARGUMENT_DETECTION_TASK-f1_macro_std": 0.05803152257833894,
    "test_ARGUMENT_DETECTION_TASK-f1_micro_mean": 0.7603925082619535,
    "test_ARGUMENT_DETECTION_TASK-f1_micro_std": 0.044346286377211094,
    "test_ARGUMENT_DETECTION_TASK-f1_true_mean": 0.7938762199439179,
    "test_ARGUMENT_DETECTION_TASK-f1_true_std": 0.01730088559964691,
    "test_ARGUMENT_DETECTION_TASK-f1_weighted_mean": 0.7696815246402612,
    "test_ARGUMENT_DETECTION_TASK-f1_weighted_std": 0.03271511190811478,
    "test_ARGUMENT_DETECTION_TASK-precision_false_mean": 0.6698611868824634,
    "test_ARGUMENT_DETECTION_TASK-precision_false_std": 0.20050760028605896,
    "test_ARGUMENT_DETECTION_TASK-precision_macro_mean": 0.7574036279609172,
    "test_ARGUMENT_DETECTION_TASK-precision_macro_std": 0.0535847984531151,
    "test_ARGUMENT_DETECTION_TASK-precision_micro_mean": 0.7603925082619535,
    "test_ARGUMENT_DETECTION_TASK-precision_micro_std": 0.044346286377211094,
    "test_ARGUMENT_DETECTION_TASK-precision_true_mean": 0.8449460690393709,
    "test_ARGUMENT_DETECTION_TASK-precision_true_std": 0.09700418207740992,
    "test_ARGUMENT_DETECTION_TASK-precision_weighted_mean": 0.817140632870713,
    "test_ARGUMENT_DETECTION_TASK-precision_weighted_std": 0.012402362461880204,
    "test_ARGUMENT_DETECTION_TASK-recall_false_mean": 0.8058819487703549,
    "test_ARGUMENT_DETECTION_TASK-recall_false_std": 0.07594202641694812,
    "test_ARGUMENT_DETECTION_TASK-recall_macro_mean": 0.7885001178541916,
    "test_ARGUMENT_DETECTION_TASK-recall_macro_std": 0.01578042435902602,
    "test_ARGUMENT_DETECTION_TASK-recall_micro_mean": 0.7603925082619535,
    "test_ARGUMENT_DETECTION_TASK-recall_micro_std": 0.044346286377211094,
    "test_ARGUMENT_DETECTION_TASK-recall_true_mean": 0.7711182869380281,
    "test_ARGUMENT_DETECTION_TASK-recall_true_std": 0.10360226129639202,
    "test_ARGUMENT_DETECTION_TASK-recall_weighted_mean": 0.7603925082619535,
    "test_ARGUMENT_DETECTION_TASK-recall_weighted_std": 0.044346286377211094,
    "test_ARGUMENT_DETECTION_TASK_loss_mean": 0.5059094727039337,
    "test_ARGUMENT_DETECTION_TASK_loss_std": 0.06253383576966114,
    "test_ARGUMENT_PROB_REGRESSION_TASK-mean_squared_error_mean": 0.047661192715168,
    "test_ARGUMENT_PROB_REGRESSION_TASK-mean_squared_error_std": 0.006947943116218477,
    "test_ARGUMENT_PROB_REGRESSION_TASK-pearson_mean": 0.7398321893216919,
    "test_ARGUMENT_PROB_REGRESSION_TASK-pearson_std": 0.05478246455652398,
    "test_ARGUMENT_PROB_REGRESSION_TASK-root_mean_squared_error_mean": 0.2177318980296453,
    "test_ARGUMENT_PROB_REGRESSION_TASK-root_mean_squared_error_std": 0.015937817537684557,
    "test_ARGUMENT_PROB_REGRESSION_TASK-spearman_mean": 0.7263076988707029,
    "test_ARGUMENT_PROB_REGRESSION_TASK-spearman_std": 0.04708660206931405,
    "test_ARGUMENT_PROB_REGRESSION_TASK_loss_mean": 0.4217215230067571,
    "test_ARGUMENT_PROB_REGRESSION_TASK_loss_std": 0.012525204931946953,
    "test_loss_mean": 0.9276309957106909,
    "test_loss_std": 0.06170351792197729
}