{
    "epochs_trained_best_mean": 1.6922904109124512,
    "epochs_trained_best_std": 0.2779161666507157,
    "epochs_trained_total_mean": 3.724641182803903,
    "epochs_trained_total_std": 0.2686249558890217,
    "test_f1_false_mean": 0.6799386377394514,
    "test_f1_false_std": 0.1287543858873831,
    "test_f1_macro_mean": 0.7360508894905594,
    "test_f1_macro_std": 0.07433358502290503,
    "test_f1_micro_mean": 0.7539747819813171,
    "test_f1_micro_std": 0.05509825619051598,
    "test_f1_true_mean": 0.7921631412416672,
    "test_f1_true_std": 0.022474168341768564,
    "test_f1_weighted_mean": 0.7687334217508696,
    "test_f1_weighted_std": 0.038770821081453785,
    "test_loss_mean": 0.5405624657869339,
    "test_loss_std": 0.11793941495397965,
    "test_precision_false_mean": 0.6451907922652603,
    "test_precision_false_std": 0.24662988714292394,
    "test_precision_macro_mean": 0.7505537232836863,
    "test_precision_macro_std": 0.06657526989020751,
    "test_precision_micro_mean": 0.7539747819813171,
    "test_precision_micro_std": 0.05509825619051599,
    "test_precision_true_mean": 0.8559166543021123,
    "test_precision_true_std": 0.11802902899992963,
    "test_precision_weighted_mean": 0.8388160638455577,
    "test_precision_weighted_std": 0.020450878634063595,
    "test_recall_false_mean": 0.8294762379393134,
    "test_recall_false_std": 0.09961577546505747,
    "test_recall_macro_mean": 0.7994839150302853,
    "test_recall_macro_std": 0.014219308618814423,
    "test_recall_micro_mean": 0.7539747819813171,
    "test_recall_micro_std": 0.05509825619051599,
    "test_recall_true_mean": 0.7694915921212572,
    "test_recall_true_std": 0.12535804556996488,
    "test_recall_weighted_mean": 0.7539747819813171,
    "test_recall_weighted_std": 0.05509825619051599
}