{
    "epochs_trained_best_mean": 1.6836792220894052,
    "epochs_trained_best_std": 0.32888181345663864,
    "epochs_trained_total_mean": 3.716029993980858,
    "epochs_trained_total_std": 0.3201603164910519,
    "test_f1_false_mean": 0.6848214624316097,
    "test_f1_false_std": 0.12723435332031233,
    "test_f1_macro_mean": 0.7384804484098749,
    "test_f1_macro_std": 0.07478731217508108,
    "test_f1_micro_mean": 0.7545872091609594,
    "test_f1_micro_std": 0.05546185146295187,
    "test_f1_true_mean": 0.7921394343881399,
    "test_f1_true_std": 0.023795826819224746,
    "test_f1_weighted_mean": 0.7675538214850044,
    "test_f1_weighted_std": 0.03901760784859026,
    "test_loss_mean": 0.5343360180656115,
    "test_loss_std": 0.12009462081664866,
    "test_precision_false_mean": 0.6491246514517791,
    "test_precision_false_std": 0.22918295707584116,
    "test_precision_macro_mean": 0.7508453285582685,
    "test_precision_macro_std": 0.06557688484295232,
    "test_precision_micro_mean": 0.7545872091609594,
    "test_precision_micro_std": 0.05546185146295188,
    "test_precision_true_mean": 0.8525660056647579,
    "test_precision_true_std": 0.10316828860668789,
    "test_precision_weighted_mean": 0.8266427355596916,
    "test_precision_weighted_std": 0.024108605969572178,
    "test_recall_false_mean": 0.8157124488390125,
    "test_recall_false_std": 0.08456217051368858,
    "test_recall_macro_mean": 0.7908220215244478,
    "test_recall_macro_std": 0.021261742847253844,
    "test_recall_micro_mean": 0.7545872091609594,
    "test_recall_micro_std": 0.05546185146295188,
    "test_recall_true_mean": 0.7659315942098829,
    "test_recall_true_std": 0.1155030039021456,
    "test_recall_weighted_mean": 0.7545872091609594,
    "test_recall_weighted_std": 0.05546185146295188
}