{
    "epochs_trained_best_mean": 1.9367015098722415,
    "epochs_trained_best_std": 0.09069092880772388,
    "epochs_trained_total_mean": 3.9576074332171896,
    "epochs_trained_total_std": 0.09069092880772378,
    "test_f1_false_mean": 0.7950301847747617,
    "test_f1_false_std": 0.008453410336613084,
    "test_f1_macro_mean": 0.8024892155168079,
    "test_f1_macro_std": 0.008259317827774627,
    "test_f1_micro_mean": 0.8029294708684022,
    "test_f1_micro_std": 0.00827452838285083,
    "test_f1_true_mean": 0.8099482462588541,
    "test_f1_true_std": 0.011289139123110083,
    "test_f1_weighted_mean": 0.8024981189870738,
    "test_f1_weighted_std": 0.008084958960560674,
    "test_loss_mean": 0.4336649527152379,
    "test_loss_std": 0.010006474699851615,
    "test_precision_false_mean": 0.8659131205673759,
    "test_precision_false_std": 0.02906975815087026,
    "test_precision_macro_mean": 0.8095192428400614,
    "test_precision_macro_std": 0.0076746135258963875,
    "test_precision_micro_mean": 0.8029294708684022,
    "test_precision_micro_std": 0.00827452838285081,
    "test_precision_true_mean": 0.7531253651127469,
    "test_precision_true_std": 0.02876066689135592,
    "test_precision_weighted_mean": 0.8133538423182823,
    "test_precision_weighted_std": 0.009193389720030322,
    "test_recall_false_mean": 0.7357933944238764,
    "test_recall_false_std": 0.016545069596996444,
    "test_recall_macro_mean": 0.8067588747628474,
    "test_recall_macro_std": 0.00757249709340893,
    "test_recall_micro_mean": 0.8029294708684022,
    "test_recall_micro_std": 0.00827452838285081,
    "test_recall_true_mean": 0.8777243551018183,
    "test_recall_true_std": 0.02079656376662856,
    "test_recall_weighted_mean": 0.8029294708684022,
    "test_recall_weighted_std": 0.00827452838285081
}