{
    "epochs_trained_best_mean": 1.4306569343065696,
    "epochs_trained_best_std": 0.28295069119428967,
    "epochs_trained_total_mean": 3.4744525547445257,
    "epochs_trained_total_std": 0.2829506911942897,
    "test_f1_false_mean": 0.5746127400884579,
    "test_f1_false_std": 0.08951969739860113,
    "test_f1_macro_mean": 0.674471681302942,
    "test_f1_macro_std": 0.05407238907859259,
    "test_f1_micro_mean": 0.7062449474535165,
    "test_f1_micro_std": 0.037544874236794146,
    "test_f1_true_mean": 0.774330622517426,
    "test_f1_true_std": 0.01925436380115329,
    "test_f1_weighted_mean": 0.7326095239829349,
    "test_f1_weighted_std": 0.023176993489935658,
    "test_loss_mean": 0.6350070834159851,
    "test_loss_std": 0.09206508330910311,
    "test_precision_false_mean": 0.43233618233618243,
    "test_precision_false_std": 0.10104515874664903,
    "test_precision_macro_mean": 0.6921714142764758,
    "test_precision_macro_std": 0.04070011700653248,
    "test_precision_micro_mean": 0.7062449474535165,
    "test_precision_micro_std": 0.03754487423679416,
    "test_precision_true_mean": 0.952006646216769,
    "test_precision_true_std": 0.026140650359959133,
    "test_precision_weighted_mean": 0.8399316288011014,
    "test_precision_weighted_std": 0.02692103233319002,
    "test_recall_false_mean": 0.8956315032541485,
    "test_recall_false_std": 0.03540722410446598,
    "test_recall_macro_mean": 0.7748851682860481,
    "test_recall_macro_std": 0.018406904228882002,
    "test_recall_micro_mean": 0.7062449474535165,
    "test_recall_micro_std": 0.03754487423679416,
    "test_recall_true_mean": 0.6541388333179476,
    "test_recall_true_std": 0.035413951779712814,
    "test_recall_weighted_mean": 0.7062449474535165,
    "test_recall_weighted_std": 0.03754487423679416
}