{
    "epochs_trained_best_mean": 1.67506803326636,
    "epochs_trained_best_std": 0.3727476272403807,
    "epochs_trained_total_mean": 3.7074188051578116,
    "epochs_trained_total_std": 0.36427679645982114,
    "test_f1_false_mean": 0.6897042871237681,
    "test_f1_false_std": 0.125506117342902,
    "test_f1_macro_mean": 0.7409100073291904,
    "test_f1_macro_std": 0.07515980807122755,
    "test_f1_micro_mean": 0.7551996363406016,
    "test_f1_micro_std": 0.05581635930496192,
    "test_f1_true_mean": 0.7921157275346129,
    "test_f1_true_std": 0.025047821888082612,
    "test_f1_weighted_mean": 0.7663742212191392,
    "test_f1_weighted_std": 0.03922738792665381,
    "test_loss_mean": 0.5281095703442892,
    "test_loss_std": 0.12189418770412938,
    "test_precision_false_mean": 0.6530585106382979,
    "test_precision_false_std": 0.21021989415781656,
    "test_precision_macro_mean": 0.7511369338328505,
    "test_precision_macro_std": 0.06456174581890858,
    "test_precision_micro_mean": 0.7551996363406016,
    "test_precision_micro_std": 0.05581635930496193,
    "test_precision_true_mean": 0.8492153570274036,
    "test_precision_true_std": 0.08563927935718198,
    "test_precision_weighted_mean": 0.814469407273826,
    "test_precision_weighted_std": 0.021162029287761095,
    "test_recall_false_mean": 0.8019486597387117,
    "test_recall_false_std": 0.06324029460456697,
    "test_recall_macro_mean": 0.7821601280186101,
    "test_recall_macro_std": 0.02349208126146913,
    "test_recall_micro_mean": 0.7551996363406016,
    "test_recall_micro_std": 0.05581635930496193,
    "test_recall_true_mean": 0.7623715962985087,
    "test_recall_true_std": 0.10460354229880917,
    "test_recall_weighted_mean": 0.7551996363406016,
    "test_recall_weighted_std": 0.05581635930496193
}