{
    "all_splits_metric": {
        "threshold": 0.23848363757133484,
        "f1_macro": 0.724838717378588,
        "f1_true": 0.6919169414490687,
        "f1_false": 0.7577604933081072
    },
    "test_split_metric": {
        "threshold": 0.25692835450172424,
        "f1_macro": 0.7554269148923747,
        "f1_true": 0.735358872743285,
        "f1_false": 0.7754949570414643
    }
}