{
    "all_splits_metric": {
        "threshold": 0.2009638547897339,
        "f1_macro": 0.7214502958190026,
        "f1_true": 0.6852711780352554,
        "f1_false": 0.7576294136027497
    },
    "test_split_metric": {
        "threshold": 0.21083374321460724,
        "f1_macro": 0.7267880738762733,
        "f1_true": 0.7005845421086816,
        "f1_false": 0.7529916056438651
    }
}