{
    "test_ARGUMENT_PROB_REGRESSION_TASK_loss": 0.37378787994384766,
    "test_ARGUMENT_DETECTION_TASK_loss": 0.4848589301109314,
    "test_loss": 0.858646810054779,
    "test_ARGUMENT_DETECTION_TASK-f1_micro": 0.7738480194017785,
    "test_ARGUMENT_DETECTION_TASK-f1_macro": 0.7625567345497857,
    "test_ARGUMENT_DETECTION_TASK-f1_weighted": 0.7823347960606907,
    "test_ARGUMENT_DETECTION_TASK-precision_micro": 0.7738480194017785,
    "test_ARGUMENT_DETECTION_TASK-precision_macro": 0.7642788789261181,
    "test_ARGUMENT_DETECTION_TASK-precision_weighted": 0.8317627427283495,
    "test_ARGUMENT_DETECTION_TASK-recall_micro": 0.7738480194017785,
    "test_ARGUMENT_DETECTION_TASK-recall_macro": 0.8085171523500707,
    "test_ARGUMENT_DETECTION_TASK-recall_weighted": 0.7738480194017785,
    "test_ARGUMENT_DETECTION_TASK-f1_true": 0.8143354902936785,
    "test_ARGUMENT_DETECTION_TASK-f1_false": 0.710777978805893,
    "test_ARGUMENT_DETECTION_TASK-precision_true": 0.9409509202453987,
    "test_ARGUMENT_DETECTION_TASK-precision_false": 0.5876068376068376,
    "test_ARGUMENT_DETECTION_TASK-recall_true": 0.7177537291605732,
    "test_ARGUMENT_DETECTION_TASK-recall_false": 0.8992805755395683,
    "test_ARGUMENT_PROB_REGRESSION_TASK-mean_squared_error": 0.037378787994384766,
    "test_ARGUMENT_PROB_REGRESSION_TASK-root_mean_squared_error": 0.19333595037460327,
    "test_ARGUMENT_PROB_REGRESSION_TASK-spearman": 0.7900389023408882,
    "test_ARGUMENT_PROB_REGRESSION_TASK-pearson": 0.7986292907520478,
    "epochs_trained_total": 5.95878889823381,
    "epochs_trained_best": 2.9288962381149237
}