{
    "test_ARGUMENT_PROB_REGRESSION_TASK_loss": 0.321196585893631,
    "test_ARGUMENT_DETECTION_TASK_loss": 0.4182840883731842,
    "test_STRENGTH_REGRESSION_TASK_loss": 0.3881700336933136,
    "test_loss": 1.1276507079601288,
    "test_STRENGTH_REGRESSION_TASK-mean_squared_error": 0.02622770331799984,
    "test_STRENGTH_REGRESSION_TASK-root_mean_squared_error": 0.16194969415664673,
    "test_STRENGTH_REGRESSION_TASK-spearman": 0.4987670213566899,
    "test_STRENGTH_REGRESSION_TASK-pearson": 0.54817331073684,
    "test_ARGUMENT_DETECTION_TASK-f1_micro": 0.8162066940692894,
    "test_ARGUMENT_DETECTION_TASK-f1_macro": 0.8160395487949401,
    "test_ARGUMENT_DETECTION_TASK-f1_weighted": 0.8157258800658042,
    "test_ARGUMENT_DETECTION_TASK-precision_micro": 0.8162066940692895,
    "test_ARGUMENT_DETECTION_TASK-precision_macro": 0.823934865128905,
    "test_ARGUMENT_DETECTION_TASK-precision_weighted": 0.8276759730622867,
    "test_ARGUMENT_DETECTION_TASK-recall_micro": 0.8162066940692895,
    "test_ARGUMENT_DETECTION_TASK-recall_macro": 0.8205373436296524,
    "test_ARGUMENT_DETECTION_TASK-recall_weighted": 0.8162066940692895,
    "test_ARGUMENT_DETECTION_TASK-f1_true": 0.8215846475394262,
    "test_ARGUMENT_DETECTION_TASK-f1_false": 0.8104944500504542,
    "test_ARGUMENT_DETECTION_TASK-precision_true": 0.7577988082719944,
    "test_ARGUMENT_DETECTION_TASK-precision_false": 0.8900709219858156,
    "test_ARGUMENT_DETECTION_TASK-recall_true": 0.8970954356846473,
    "test_ARGUMENT_DETECTION_TASK-recall_false": 0.7439792515746573,
    "test_ARGUMENT_PROB_REGRESSION_TASK-mean_squared_error": 0.0347839891910553,
    "test_ARGUMENT_PROB_REGRESSION_TASK-root_mean_squared_error": 0.18650466203689575,
    "test_ARGUMENT_PROB_REGRESSION_TASK-spearman": 0.8109823322972741,
    "test_ARGUMENT_PROB_REGRESSION_TASK-pearson": 0.8280225993282067,
    "epochs_trained_total": 5.233050847457627,
    "epochs_trained_best": 2.2139830508474576
}