{
    "epochs_trained_best_mean": 2.0265780730897007,
    "epochs_trained_best_std": 0.1433007098085694,
    "epochs_trained_total_mean": 5.0664451827242525,
    "epochs_trained_total_std": 0.14330070980856952,
    "test_ARGUMENT_DETECTION_TASK-f1_false_mean": 0.7689708372370138,
    "test_ARGUMENT_DETECTION_TASK-f1_false_std": 0.018664246295459416,
    "test_ARGUMENT_DETECTION_TASK-f1_macro_mean": 0.8007153134191075,
    "test_ARGUMENT_DETECTION_TASK-f1_macro_std": 0.011602147652422947,
    "test_ARGUMENT_DETECTION_TASK-f1_micro_mean": 0.8059148477499326,
    "test_ARGUMENT_DETECTION_TASK-f1_micro_std": 0.009602615340060093,
    "test_ARGUMENT_DETECTION_TASK-f1_true_mean": 0.8324597896012013,
    "test_ARGUMENT_DETECTION_TASK-f1_true_std": 0.004964363988043816,
    "test_ARGUMENT_DETECTION_TASK-f1_weighted_mean": 0.8093949965478555,
    "test_ARGUMENT_DETECTION_TASK-f1_weighted_std": 0.00801895114453257,
    "test_ARGUMENT_DETECTION_TASK-precision_false_mean": 0.6851851851851852,
    "test_ARGUMENT_DETECTION_TASK-precision_false_std": 0.03740123369680694,
    "test_ARGUMENT_DETECTION_TASK-precision_macro_mean": 0.7997117132469893,
    "test_ARGUMENT_DETECTION_TASK-precision_macro_std": 0.010966655248304171,
    "test_ARGUMENT_DETECTION_TASK-precision_micro_mean": 0.8059148477499326,
    "test_ARGUMENT_DETECTION_TASK-precision_micro_std": 0.009602615340060086,
    "test_ARGUMENT_DETECTION_TASK-precision_true_mean": 0.9142382413087935,
    "test_ARGUMENT_DETECTION_TASK-precision_true_std": 0.016872133888061597,
    "test_ARGUMENT_DETECTION_TASK-precision_weighted_mean": 0.8310754808514483,
    "test_ARGUMENT_DETECTION_TASK-precision_weighted_std": 0.005124931788748045,
    "test_ARGUMENT_DETECTION_TASK-recall_false_mean": 0.8786963104243775,
    "test_ARGUMENT_DETECTION_TASK-recall_false_std": 0.01638490445520296,
    "test_ARGUMENT_DETECTION_TASK-recall_macro_mean": 0.8216965267828499,
    "test_ARGUMENT_DETECTION_TASK-recall_macro_std": 0.003900519773239881,
    "test_ARGUMENT_DETECTION_TASK-recall_micro_mean": 0.8059148477499326,
    "test_ARGUMENT_DETECTION_TASK-recall_micro_std": 0.009602615340060086,
    "test_ARGUMENT_DETECTION_TASK-recall_true_mean": 0.7646967431413222,
    "test_ARGUMENT_DETECTION_TASK-recall_true_std": 0.017804783477447683,
    "test_ARGUMENT_DETECTION_TASK-recall_weighted_mean": 0.8059148477499326,
    "test_ARGUMENT_DETECTION_TASK-recall_weighted_std": 0.009602615340060086,
    "test_ARGUMENT_DETECTION_TASK_loss_mean": 0.4477838973204295,
    "test_ARGUMENT_DETECTION_TASK_loss_std": 0.03372697456616623,
    "test_STRENGTH_REGRESSION_TASK-mean_squared_error_mean": 0.028874584784110386,
    "test_STRENGTH_REGRESSION_TASK-mean_squared_error_std": 0.0005031841957805067,
    "test_STRENGTH_REGRESSION_TASK-pearson_mean": 0.5291577361932686,
    "test_STRENGTH_REGRESSION_TASK-pearson_std": 0.006036522921963909,
    "test_STRENGTH_REGRESSION_TASK-root_mean_squared_error_mean": 0.16991877555847168,
    "test_STRENGTH_REGRESSION_TASK-root_mean_squared_error_std": 0.0014814823948054727,
    "test_STRENGTH_REGRESSION_TASK-spearman_mean": 0.47461730397028473,
    "test_STRENGTH_REGRESSION_TASK-spearman_std": 0.0057764429046204945,
    "test_STRENGTH_REGRESSION_TASK_loss_mean": 0.5255935788154602,
    "test_STRENGTH_REGRESSION_TASK_loss_std": 0.008961536732974153,
    "test_loss_mean": 0.9733774761358897,
    "test_loss_std": 0.03740274140460254
}