{
    "epochs_trained_best_mean": 2.705027693857199,
    "epochs_trained_best_std": 0.20836878385765395,
    "epochs_trained_total_mean": 5.748189863234111,
    "epochs_trained_total_std": 0.2082907386361197,
    "test_ARGUMENT_DETECTION_TASK-f1_false_mean": 0.8053544310113141,
    "test_ARGUMENT_DETECTION_TASK-f1_false_std": 0.0019248204460635128,
    "test_ARGUMENT_DETECTION_TASK-f1_macro_mean": 0.8112139987906272,
    "test_ARGUMENT_DETECTION_TASK-f1_macro_std": 0.006258490675381459,
    "test_ARGUMENT_DETECTION_TASK-f1_micro_mean": 0.8115091015854375,
    "test_ARGUMENT_DETECTION_TASK-f1_micro_std": 0.00648779429485535,
    "test_ARGUMENT_DETECTION_TASK-f1_true_mean": 0.8170735665699403,
    "test_ARGUMENT_DETECTION_TASK-f1_true_std": 0.01070122385247171,
    "test_ARGUMENT_DETECTION_TASK-f1_weighted_mean": 0.8111194985739747,
    "test_ARGUMENT_DETECTION_TASK-f1_weighted_std": 0.00620077837374522,
    "test_ARGUMENT_DETECTION_TASK-precision_false_mean": 0.8828309692671396,
    "test_ARGUMENT_DETECTION_TASK-precision_false_std": 0.020246091173712344,
    "test_ARGUMENT_DETECTION_TASK-precision_macro_mean": 0.8189712738612833,
    "test_ARGUMENT_DETECTION_TASK-precision_macro_std": 0.0037300493800477034,
    "test_ARGUMENT_DETECTION_TASK-precision_micro_mean": 0.8115091015854374,
    "test_ARGUMENT_DETECTION_TASK-precision_micro_std": 0.006487794294855399,
    "test_ARGUMENT_DETECTION_TASK-precision_true_mean": 0.755111578455427,
    "test_ARGUMENT_DETECTION_TASK-precision_true_std": 0.027547559067903533,
    "test_ARGUMENT_DETECTION_TASK-precision_weighted_mean": 0.823528292410507,
    "test_ARGUMENT_DETECTION_TASK-precision_weighted_std": 0.0018569584115963318,
    "test_ARGUMENT_DETECTION_TASK-recall_false_mean": 0.7410831652405174,
    "test_ARGUMENT_DETECTION_TASK-recall_false_std": 0.016894275405328004,
    "test_ARGUMENT_DETECTION_TASK-recall_macro_mean": 0.8162487371110331,
    "test_ARGUMENT_DETECTION_TASK-recall_macro_std": 0.0019152592325598725,
    "test_ARGUMENT_DETECTION_TASK-recall_micro_mean": 0.8115091015854374,
    "test_ARGUMENT_DETECTION_TASK-recall_micro_std": 0.006487794294855399,
    "test_ARGUMENT_DETECTION_TASK-recall_true_mean": 0.8914143089815486,
    "test_ARGUMENT_DETECTION_TASK-recall_true_std": 0.013734559323527393,
    "test_ARGUMENT_DETECTION_TASK-recall_weighted_mean": 0.8115091015854374,
    "test_ARGUMENT_DETECTION_TASK-recall_weighted_std": 0.006487794294855399,
    "test_ARGUMENT_DETECTION_TASK_loss_mean": 0.433939665555954,
    "test_ARGUMENT_DETECTION_TASK_loss_std": 0.008050722550890779,
    "test_STRENGTH_REGRESSION_TASK-mean_squared_error_mean": 0.025544049218297005,
    "test_STRENGTH_REGRESSION_TASK-mean_squared_error_std": 0.00011256359786197583,
    "test_STRENGTH_REGRESSION_TASK-pearson_mean": 0.5506227079826109,
    "test_STRENGTH_REGRESSION_TASK-pearson_std": 0.004143083280449251,
    "test_STRENGTH_REGRESSION_TASK-root_mean_squared_error_mean": 0.1598246693611145,
    "test_STRENGTH_REGRESSION_TASK-root_mean_squared_error_std": 0.00035236518636348556,
    "test_STRENGTH_REGRESSION_TASK-spearman_mean": 0.5050656923690288,
    "test_STRENGTH_REGRESSION_TASK-spearman_std": 0.0042646052119061,
    "test_STRENGTH_REGRESSION_TASK_loss_mean": 0.37808587153752643,
    "test_STRENGTH_REGRESSION_TASK_loss_std": 0.001698971743396814,
    "test_loss_mean": 0.8120255370934805,
    "test_loss_std": 0.006841475110487061
}