{
    "all_splits_metric": {
        "f1_false_mean": 0.8520168701328356,
        "f1_false_std": 0.003214193172454408,
        "f1_macro_mean": 0.6604502792836521,
        "f1_macro_std": 0.002959880385331633,
        "f1_true_mean": 0.4688836884344685,
        "f1_true_std": 0.002705567598208858,
        "threshold_mean": 0.5694117744763693,
        "threshold_std": 0.013310255738730407
    },
    "test_split_metric": {
        "f1_false_mean": 0.8436246940042919,
        "f1_false_std": 0.010886071958933659,
        "f1_macro_mean": 0.6534425602928277,
        "f1_macro_std": 0.006541627629905642,
        "f1_true_mean": 0.4632604265813635,
        "f1_true_std": 0.002197183300877572,
        "threshold_mean": 0.5149190227190653,
        "threshold_std": 0.05184245003183513
    }
}