{
    "all_splits_metric": {
        "f1_false_mean": 0.8442886993743076,
        "f1_false_std": 0.007737057417919689,
        "f1_macro_mean": 0.6536919361870505,
        "f1_macro_std": 0.013824117566472041,
        "f1_true_mean": 0.4630951729997934,
        "f1_true_std": 0.03538529255086374,
        "threshold_mean": 0.5409060120582581,
        "threshold_std": 0.03346687364746945
    },
    "test_split_metric": {
        "f1_false_mean": 0.8545940794352339,
        "f1_false_std": 0.008447336037321646,
        "f1_macro_mean": 0.6734365718497516,
        "f1_macro_std": 0.02058924786944201,
        "f1_true_mean": 0.4922790642642691,
        "f1_true_std": 0.049625831776205664,
        "threshold_mean": 0.5118679205576578,
        "threshold_std": 0.053999905060259284
    }
}