{
    "test_ARGUMENT_PROB_REGRESSION_TASK_loss": 0.39968523383140564,
    "test_STRENGTH_REGRESSION_TASK_loss": 0.5349230766296387,
    "test_ARGUMENT_DETECTION_TASK_loss": 0.5228070020675659,
    "test_loss": 1.4574153125286102,
    "test_STRENGTH_REGRESSION_TASK-mean_squared_error": 0.0294080451130867,
    "test_STRENGTH_REGRESSION_TASK-root_mean_squared_error": 0.1714877337217331,
    "test_STRENGTH_REGRESSION_TASK-spearman": 0.46541462361242814,
    "test_STRENGTH_REGRESSION_TASK-pearson": 0.5188124439133373,
    "test_ARGUMENT_DETECTION_TASK-f1_micro": 0.7489894907033144,
    "test_ARGUMENT_DETECTION_TASK-f1_macro": 0.7349704109858434,
    "test_ARGUMENT_DETECTION_TASK-f1_weighted": 0.7597070648282706,
    "test_ARGUMENT_DETECTION_TASK-precision_micro": 0.7489894907033144,
    "test_ARGUMENT_DETECTION_TASK-precision_macro": 0.7386994651565204,
    "test_ARGUMENT_DETECTION_TASK-precision_weighted": 0.8157978655220524,
    "test_ARGUMENT_DETECTION_TASK-recall_micro": 0.7489894907033144,
    "test_ARGUMENT_DETECTION_TASK-recall_macro": 0.784923308023612,
    "test_ARGUMENT_DETECTION_TASK-recall_weighted": 0.7489894907033144,
    "test_ARGUMENT_DETECTION_TASK-f1_true": 0.7959250739401906,
    "test_ARGUMENT_DETECTION_TASK-f1_false": 0.6740157480314961,
    "test_ARGUMENT_DETECTION_TASK-precision_true": 0.928680981595092,
    "test_ARGUMENT_DETECTION_TASK-precision_false": 0.5487179487179488,
    "test_ARGUMENT_DETECTION_TASK-recall_true": 0.6963772282921219,
    "test_ARGUMENT_DETECTION_TASK-recall_false": 0.8734693877551021,
    "test_ARGUMENT_PROB_REGRESSION_TASK-mean_squared_error": 0.05235559493303299,
    "test_ARGUMENT_PROB_REGRESSION_TASK-root_mean_squared_error": 0.22881345450878143,
    "test_ARGUMENT_PROB_REGRESSION_TASK-spearman": 0.6999631249183444,
    "test_ARGUMENT_PROB_REGRESSION_TASK-pearson": 0.7057609406032498,
    "epochs_trained_total": 5.547425474254743,
    "epochs_trained_best": 2.521557033752156
}