{
    "test_loss": 0.4163048267364502,
    "test_f1_micro": 0.8181640242708945,
    "test_f1_macro": 0.8175598764503162,
    "test_f1_weighted": 0.8175413821292781,
    "test_precision_micro": 0.8181640242708945,
    "test_precision_macro": 0.8226728956454945,
    "test_precision_weighted": 0.82274086858079,
    "test_recall_micro": 0.8181640242708945,
    "test_recall_macro": 0.818267935544675,
    "test_recall_weighted": 0.8181640242708945,
    "test_f1_true": 0.8280584860262816,
    "test_f1_false": 0.8070612668743509,
    "test_precision_true": 0.784086926042762,
    "test_precision_false": 0.8612588652482269,
    "test_recall_true": 0.8772549019607843,
    "test_recall_false": 0.7592809691285658,
    "epochs_trained_total": 3.8397212543554007,
    "epochs_trained_best": 1.818815331010453
}