{
    "test_STRENGTH_REGRESSION_TASK_loss": 0.06953764706850052,
    "test_ARGUMENT_PROB_REGRESSION_TASK_loss": 0.05293649435043335,
    "test_loss": 0.12247414141893387,
    "test_STRENGTH_REGRESSION_TASK-mean_squared_error": 0.02897402085363865,
    "test_STRENGTH_REGRESSION_TASK-root_mean_squared_error": 0.1702175736427307,
    "test_STRENGTH_REGRESSION_TASK-spearman": 0.4742563992539776,
    "test_STRENGTH_REGRESSION_TASK-pearson": 0.5262527624176452,
    "test_ARGUMENT_PROB_REGRESSION_TASK-mean_squared_error": 0.05284031480550766,
    "test_ARGUMENT_PROB_REGRESSION_TASK-root_mean_squared_error": 0.22987021505832672,
    "test_ARGUMENT_PROB_REGRESSION_TASK-spearman": 0.7037677864991709,
    "test_ARGUMENT_PROB_REGRESSION_TASK-pearson": 0.7006438198491488,
    "epochs_trained_total": 4.51349267540478,
    "epochs_trained_best": 1.5044975584682603
}