{
    "test_STRENGTH_REGRESSION_TASK_loss": 0.037410322576761246,
    "test_ARGUMENT_PROB_REGRESSION_TASK_loss": 0.040536168962717056,
    "test_loss": 0.0779464915394783,
    "test_STRENGTH_REGRESSION_TASK-mean_squared_error": 0.026721661910414696,
    "test_STRENGTH_REGRESSION_TASK-root_mean_squared_error": 0.1634676158428192,
    "test_STRENGTH_REGRESSION_TASK-spearman": 0.48908824934073797,
    "test_STRENGTH_REGRESSION_TASK-pearson": 0.5367283508380302,
    "test_ARGUMENT_PROB_REGRESSION_TASK-mean_squared_error": 0.040584854781627655,
    "test_ARGUMENT_PROB_REGRESSION_TASK-root_mean_squared_error": 0.20145682990550995,
    "test_ARGUMENT_PROB_REGRESSION_TASK-spearman": 0.7791542868920031,
    "test_ARGUMENT_PROB_REGRESSION_TASK-pearson": 0.8008374897544294,
    "epochs_trained_total": 6.328767123287671,
    "epochs_trained_best": 3.315068493150685
}