{
    "all_splits_metric": {
        "f1_false_mean": 0.7221547420702366,
        "f1_false_std": 0.008757765137507567,
        "f1_macro_mean": 0.6895825135857954,
        "f1_macro_std": 0.008460191463709459,
        "f1_true_mean": 0.6570102851013541,
        "f1_true_std": 0.014152979850616407,
        "threshold_mean": 0.6763130227724711,
        "threshold_std": 0.02746358199911835
    },
    "test_split_metric": {
        "f1_false_mean": 0.7352110984520003,
        "f1_false_std": 0.003982672107052858,
        "f1_macro_mean": 0.712453166855933,
        "f1_macro_std": 0.0066408519406024845,
        "f1_true_mean": 0.6896952352598656,
        "f1_true_std": 0.013602338170904062,
        "threshold_mean": 0.6928840478261312,
        "threshold_std": 0.0243266261991319
    }
}