{
    "all_splits_metric": {
        "f1_false_mean": 0.7234302853774809,
        "f1_false_std": 0.010031521818893921,
        "f1_macro_mean": 0.6909166893014973,
        "f1_macro_std": 0.010666066068832495,
        "f1_true_mean": 0.6584030932255136,
        "f1_true_std": 0.013064154812811665,
        "threshold_mean": 0.6671973665555319,
        "threshold_std": 0.03402084279136011
    },
    "test_split_metric": {
        "f1_false_mean": 0.7314651574536727,
        "f1_false_std": 0.005095847331195652,
        "f1_macro_mean": 0.7127249397850388,
        "f1_macro_std": 0.007371342252196533,
        "f1_true_mean": 0.6939847221164048,
        "f1_true_std": 0.00964800509624412,
        "threshold_mean": 0.6548455754915873,
        "threshold_std": 0.040443608323604184
    }
}