{
    "test_ARGUMENT_DETECTION_TASK_loss": 0.43861132860183716,
    "test_STRENGTH_REGRESSION_TASK_loss": 0.3787470757961273,
    "test_loss": 0.8173584043979645,
    "test_STRENGTH_REGRESSION_TASK-mean_squared_error": 0.025591017678380013,
    "test_STRENGTH_REGRESSION_TASK-root_mean_squared_error": 0.1599719226360321,
    "test_STRENGTH_REGRESSION_TASK-spearman": 0.49997181540020375,
    "test_STRENGTH_REGRESSION_TASK-pearson": 0.5447718904184703,
    "test_ARGUMENT_DETECTION_TASK-f1_micro": 0.8130749657467214,
    "test_ARGUMENT_DETECTION_TASK-f1_macro": 0.8127525503093476,
    "test_ARGUMENT_DETECTION_TASK-f1_weighted": 0.8124894471458302,
    "test_ARGUMENT_DETECTION_TASK-precision_micro": 0.8130749657467214,
    "test_ARGUMENT_DETECTION_TASK-precision_macro": 0.8194148470068834,
    "test_ARGUMENT_DETECTION_TASK-precision_weighted": 0.8212520320286724,
    "test_ARGUMENT_DETECTION_TASK-recall_micro": 0.8130749657467214,
    "test_ARGUMENT_DETECTION_TASK-recall_macro": 0.8154150483247284,
    "test_ARGUMENT_DETECTION_TASK-recall_weighted": 0.8130749657467214,
    "test_ARGUMENT_DETECTION_TASK-f1_true": 0.8205224581845518,
    "test_ARGUMENT_DETECTION_TASK-f1_false": 0.8049826424341433,
    "test_ARGUMENT_DETECTION_TASK-precision_true": 0.7651594812478093,
    "test_ARGUMENT_DETECTION_TASK-precision_false": 0.8736702127659575,
    "test_ARGUMENT_DETECTION_TASK-recall_true": 0.8845218800648298,
    "test_ARGUMENT_DETECTION_TASK-recall_false": 0.746308216584627,
    "epochs_trained_total": 5.477876106194691,
    "epochs_trained_best": 2.4346116027531957
}