{
    "all_splits_metric": {
        "threshold": 0.6880508661270142,
        "f1_macro": 0.5535054178719105,
        "f1_true": 0.770215678050288,
        "f1_false": 0.336795157693533
    },
    "test_split_metric": {
        "threshold": 0.744904637336731,
        "f1_macro": 0.5510782864595525,
        "f1_true": 0.7371764705882352,
        "f1_false": 0.3649801023308698
    }
}