{
    "all_splits_metric": {
        "threshold": 0.4285714328289032,
        "f1_macro": 0.6643086902521977,
        "f1_true": 0.5246435845213849,
        "f1_false": 0.8039737959830106
    },
    "test_split_metric": {
        "threshold": 0.4545454680919647,
        "f1_macro": 0.7071851727773771,
        "f1_true": 0.5796269727403156,
        "f1_false": 0.8347433728144387
    }
}