{
    "all_splits_metric": {
        "threshold": 0.5600000023841858,
        "f1_macro": 0.658357327791683,
        "f1_true": 0.46697056323881636,
        "f1_false": 0.8497440923445496
    },
    "test_split_metric": {
        "threshold": 0.47826087474823,
        "f1_macro": 0.6488169310357241,
        "f1_true": 0.46170678336980314,
        "f1_false": 0.8359270787016452
    }
}