{
    "all_splits_metric": {
        "threshold": 0.4285714328289032,
        "f1_macro": 0.6864679054247869,
        "f1_true": 0.566409691629956,
        "f1_false": 0.8065261192196176
    },
    "test_split_metric": {
        "threshold": 0.3478260934352875,
        "f1_macro": 0.7233511825078089,
        "f1_true": 0.6281481481481481,
        "f1_false": 0.8185542168674699
    }
}