{
    "all_splits_metric": {
        "threshold": 0.26923078298568726,
        "f1_macro": 0.7048831429190239,
        "f1_true": 0.6362307930744365,
        "f1_false": 0.7735354927636113
    },
    "test_split_metric": {
        "threshold": 0.30434781312942505,
        "f1_macro": 0.702223870008367,
        "f1_true": 0.6198775317946302,
        "f1_false": 0.7845702082221035
    }
}