{
    "all_splits_metric": {
        "threshold": 0.1845393180847168,
        "f1_macro": 0.7062851044775269,
        "f1_true": 0.6709476031215162,
        "f1_false": 0.7416226058335377
    },
    "test_split_metric": {
        "threshold": 0.2311529964208603,
        "f1_macro": 0.7166040493060092,
        "f1_true": 0.6752234700893881,
        "f1_false": 0.7579846285226303
    }
}