{
    "all_splits_metric": {
        "threshold": 0.24931439757347107,
        "f1_macro": 0.7094195410413072,
        "f1_true": 0.6714498443211045,
        "f1_false": 0.7473892377615099
    },
    "test_split_metric": {
        "threshold": 0.22988882660865784,
        "f1_macro": 0.7552387149309558,
        "f1_true": 0.7450980392156863,
        "f1_false": 0.7653793906462254
    }
}