{
    "epochs_trained_best_mean": 2.6165254237288136,
    "epochs_trained_best_std": 0.9476147279120236,
    "epochs_trained_total_mean": 5.635593220338984,
    "epochs_trained_total_std": 0.9476147279120238,
    "test_ARGUMENT_DETECTION_TASK-f1_false_mean": 0.8057162031857169,
    "test_ARGUMENT_DETECTION_TASK-f1_false_std": 0.005687210081534232,
    "test_ARGUMENT_DETECTION_TASK-f1_macro_mean": 0.8093858394815808,
    "test_ARGUMENT_DETECTION_TASK-f1_macro_std": 0.007958086931187726,
    "test_ARGUMENT_DETECTION_TASK-f1_micro_mean": 0.809486527043779,
    "test_ARGUMENT_DETECTION_TASK-f1_micro_std": 0.008029561315910627,
    "test_ARGUMENT_DETECTION_TASK-f1_true_mean": 0.8130554757774447,
    "test_ARGUMENT_DETECTION_TASK-f1_true_std": 0.010229020547541044,
    "test_ARGUMENT_DETECTION_TASK-f1_weighted_mean": 0.8091584080159143,
    "test_ARGUMENT_DETECTION_TASK-f1_weighted_std": 0.007835681984678391,
    "test_ARGUMENT_DETECTION_TASK-precision_false_mean": 0.8942080378250591,
    "test_ARGUMENT_DETECTION_TASK-precision_false_std": 0.004940382239154972,
    "test_ARGUMENT_DETECTION_TASK-precision_macro_mean": 0.8183506598752587,
    "test_ARGUMENT_DETECTION_TASK-precision_macro_std": 0.006672558858696014,
    "test_ARGUMENT_DETECTION_TASK-precision_micro_mean": 0.809486527043779,
    "test_ARGUMENT_DETECTION_TASK-precision_micro_std": 0.008029561315910637,
    "test_ARGUMENT_DETECTION_TASK-precision_true_mean": 0.7424932819254586,
    "test_ARGUMENT_DETECTION_TASK-precision_true_std": 0.018285499585751264,
    "test_ARGUMENT_DETECTION_TASK-precision_weighted_mean": 0.8245033685276506,
    "test_ARGUMENT_DETECTION_TASK-precision_weighted_std": 0.003702550151158919,
    "test_ARGUMENT_DETECTION_TASK-recall_false_mean": 0.7333331504233153,
    "test_ARGUMENT_DETECTION_TASK-recall_false_std": 0.01262765383751388,
    "test_ARGUMENT_DETECTION_TASK-recall_macro_mean": 0.8160647374361641,
    "test_ARGUMENT_DETECTION_TASK-recall_macro_std": 0.005290384908600499,
    "test_ARGUMENT_DETECTION_TASK-recall_micro_mean": 0.809486527043779,
    "test_ARGUMENT_DETECTION_TASK-recall_micro_std": 0.008029561315910637,
    "test_ARGUMENT_DETECTION_TASK-recall_true_mean": 0.8987963244490129,
    "test_ARGUMENT_DETECTION_TASK-recall_true_std": 0.0020470232486721938,
    "test_ARGUMENT_DETECTION_TASK-recall_weighted_mean": 0.809486527043779,
    "test_ARGUMENT_DETECTION_TASK-recall_weighted_std": 0.008029561315910637,
    "test_ARGUMENT_DETECTION_TASK_loss_mean": 0.44543012976646423,
    "test_ARGUMENT_DETECTION_TASK_loss_std": 0.027765775887587156,
    "test_ARGUMENT_PROB_REGRESSION_TASK-mean_squared_error_mean": 0.03414876262346903,
    "test_ARGUMENT_PROB_REGRESSION_TASK-mean_squared_error_std": 0.001420490504279834,
    "test_ARGUMENT_PROB_REGRESSION_TASK-pearson_mean": 0.8328133890806318,
    "test_ARGUMENT_PROB_REGRESSION_TASK-pearson_std": 0.008684322419039868,
    "test_ARGUMENT_PROB_REGRESSION_TASK-root_mean_squared_error_mean": 0.18475335339705148,
    "test_ARGUMENT_PROB_REGRESSION_TASK-root_mean_squared_error_std": 0.0038679920104299106,
    "test_ARGUMENT_PROB_REGRESSION_TASK-spearman_mean": 0.8113353315408444,
    "test_ARGUMENT_PROB_REGRESSION_TASK-spearman_std": 0.005237284054717289,
    "test_ARGUMENT_PROB_REGRESSION_TASK_loss_mean": 0.3155789077281952,
    "test_ARGUMENT_PROB_REGRESSION_TASK_loss_std": 0.013213768342246135,
    "test_STRENGTH_REGRESSION_TASK-mean_squared_error_mean": 0.025584810723861057,
    "test_STRENGTH_REGRESSION_TASK-mean_squared_error_std": 0.00048005273044290247,
    "test_STRENGTH_REGRESSION_TASK-pearson_mean": 0.552759600512618,
    "test_STRENGTH_REGRESSION_TASK-pearson_std": 0.006860147467543429,
    "test_STRENGTH_REGRESSION_TASK-root_mean_squared_error_mean": 0.15994551281134287,
    "test_STRENGTH_REGRESSION_TASK-root_mean_squared_error_std": 0.0014979457209692234,
    "test_STRENGTH_REGRESSION_TASK-spearman_mean": 0.5043598316346484,
    "test_STRENGTH_REGRESSION_TASK-spearman_std": 0.0057456275664133265,
    "test_STRENGTH_REGRESSION_TASK_loss_mean": 0.3788226743539174,
    "test_STRENGTH_REGRESSION_TASK_loss_std": 0.00701802269003472,
    "test_loss_mean": 1.1398317118485768,
    "test_loss_std": 0.010010019945276174
}