{
    "epochs_trained_best_mean": 2.756848787466621,
    "epochs_trained_best_std": 0.9071285754315316,
    "epochs_trained_total_mean": 5.7826558265582655,
    "epochs_trained_total_std": 0.9071364946537954,
    "test_ARGUMENT_DETECTION_TASK-f1_false_mean": 0.7534795837835427,
    "test_ARGUMENT_DETECTION_TASK-f1_false_std": 0.04986230230713391,
    "test_ARGUMENT_DETECTION_TASK-f1_macro_mean": 0.7891103559484991,
    "test_ARGUMENT_DETECTION_TASK-f1_macro_std": 0.031676052891196,
    "test_ARGUMENT_DETECTION_TASK-f1_micro_mean": 0.795877122069523,
    "test_ARGUMENT_DETECTION_TASK-f1_micro_std": 0.026208385427010056,
    "test_ARGUMENT_DETECTION_TASK-f1_true_mean": 0.8247411281134557,
    "test_ARGUMENT_DETECTION_TASK-f1_true_std": 0.013499043295788833,
    "test_ARGUMENT_DETECTION_TASK-f1_weighted_mean": 0.8007140080490335,
    "test_ARGUMENT_DETECTION_TASK-f1_weighted_std": 0.02174060413194922,
    "test_ARGUMENT_DETECTION_TASK-precision_false_mean": 0.6720797720797721,
    "test_ARGUMENT_DETECTION_TASK-precision_false_std": 0.08939787796459811,
    "test_ARGUMENT_DETECTION_TASK-precision_macro_mean": 0.789516368657473,
    "test_ARGUMENT_DETECTION_TASK-precision_macro_std": 0.029454460277731274,
    "test_ARGUMENT_DETECTION_TASK-precision_micro_mean": 0.795877122069523,
    "test_ARGUMENT_DETECTION_TASK-precision_micro_std": 0.026208385427010147,
    "test_ARGUMENT_DETECTION_TASK-precision_true_mean": 0.9069529652351739,
    "test_ARGUMENT_DETECTION_TASK-precision_true_std": 0.030508774201145984,
    "test_ARGUMENT_DETECTION_TASK-precision_weighted_mean": 0.8277785681626733,
    "test_ARGUMENT_DETECTION_TASK-precision_weighted_std": 0.0045390964590931145,
    "test_ARGUMENT_DETECTION_TASK-recall_false_mean": 0.8702759350110932,
    "test_ARGUMENT_DETECTION_TASK-recall_false_std": 0.024882585157439265,
    "test_ARGUMENT_DETECTION_TASK-recall_macro_mean": 0.814652413065212,
    "test_ARGUMENT_DETECTION_TASK-recall_macro_std": 0.00927721745621742,
    "test_ARGUMENT_DETECTION_TASK-recall_micro_mean": 0.795877122069523,
    "test_ARGUMENT_DETECTION_TASK-recall_micro_std": 0.026208385427010147,
    "test_ARGUMENT_DETECTION_TASK-recall_true_mean": 0.759028891119331,
    "test_ARGUMENT_DETECTION_TASK-recall_true_std": 0.04316429030310557,
    "test_ARGUMENT_DETECTION_TASK-recall_weighted_mean": 0.795877122069523,
    "test_ARGUMENT_DETECTION_TASK-recall_weighted_std": 0.026208385427010147,
    "test_ARGUMENT_DETECTION_TASK_loss_mean": 0.4541680912176768,
    "test_ARGUMENT_DETECTION_TASK_loss_std": 0.05553723851985962,
    "test_ARGUMENT_PROB_REGRESSION_TASK-mean_squared_error_mean": 0.03908906877040863,
    "test_ARGUMENT_PROB_REGRESSION_TASK-mean_squared_error_std": 0.0007574263883229592,
    "test_ARGUMENT_PROB_REGRESSION_TASK-pearson_mean": 0.79119814209926,
    "test_ARGUMENT_PROB_REGRESSION_TASK-pearson_std": 0.002024698975833442,
    "test_ARGUMENT_PROB_REGRESSION_TASK-root_mean_squared_error_mean": 0.19770031670729318,
    "test_ARGUMENT_PROB_REGRESSION_TASK-root_mean_squared_error_std": 0.0019113446833131397,
    "test_ARGUMENT_PROB_REGRESSION_TASK-spearman_mean": 0.7840167523476702,
    "test_ARGUMENT_PROB_REGRESSION_TASK-spearman_std": 0.00027170071750611614,
    "test_ARGUMENT_PROB_REGRESSION_TASK_loss_mean": 0.3893572191397349,
    "test_ARGUMENT_PROB_REGRESSION_TASK_loss_std": 0.009226487053687497,
    "test_STRENGTH_REGRESSION_TASK-mean_squared_error_mean": 0.02838294766843319,
    "test_STRENGTH_REGRESSION_TASK-mean_squared_error_std": 0.000613461972222871,
    "test_STRENGTH_REGRESSION_TASK-pearson_mean": 0.5381524367378948,
    "test_STRENGTH_REGRESSION_TASK-pearson_std": 0.008679992728503765,
    "test_STRENGTH_REGRESSION_TASK-root_mean_squared_error_mean": 0.1684626191854477,
    "test_STRENGTH_REGRESSION_TASK-root_mean_squared_error_std": 0.0018145360864447212,
    "test_STRENGTH_REGRESSION_TASK-spearman_mean": 0.48388553881395807,
    "test_STRENGTH_REGRESSION_TASK-spearman_std": 0.011211147709215266,
    "test_STRENGTH_REGRESSION_TASK_loss_mean": 0.5165131290753683,
    "test_STRENGTH_REGRESSION_TASK_loss_std": 0.011085912990332729,
    "test_loss_mean": 1.36003843943278,
    "test_loss_std": 0.06835352565788252
}