{
    "all_splits_metric": {
        "mean_squared_error": 0.2583676874637604,
        "root_mean_squared_error": 0.5082988142967224,
        "spearman": 0.44810165727044526,
        "pearson": 0.4077422702499738
    },
    "test_split_metric": {
        "mean_squared_error": 0.2612815797328949,
        "root_mean_squared_error": 0.5111570954322815,
        "spearman": 0.4505289679387909,
        "pearson": 0.40086898771946966
    }
}