{
    "all_splits_metric": {
        "f1_false_mean": 0.7227925137238588,
        "f1_false_std": 0.009437780077195475,
        "f1_macro_mean": 0.6902496014436462,
        "f1_macro_std": 0.009649606660571889,
        "f1_true_mean": 0.6577066891634339,
        "f1_true_std": 0.013637245632099369,
        "threshold_mean": 0.6717551946640015,
        "threshold_std": 0.03125070938866387
    },
    "test_split_metric": {
        "f1_false_mean": 0.7333381279528366,
        "f1_false_std": 0.0049419315108885815,
        "f1_macro_mean": 0.7125890533204857,
        "f1_macro_std": 0.007016927082367287,
        "f1_true_mean": 0.6918399786881352,
        "f1_true_std": 0.011985563290872006,
        "threshold_mean": 0.6738648116588593,
        "threshold_std": 0.03841180082499599
    }
}