{
    "all_splits_metric": {
        "f1_false_mean": 0.7139122482102405,
        "f1_false_std": 0.013935083904964611,
        "f1_macro_mean": 0.6832806615804815,
        "f1_macro_std": 0.010728342501834633,
        "f1_true_mean": 0.6526490749507227,
        "f1_true_std": 0.011591746059233543,
        "threshold_mean": 0.6759453117847443,
        "threshold_std": 0.02890186176391874
    },
    "test_split_metric": {
        "f1_false_mean": 0.731137356618795,
        "f1_false_std": 0.005354853085065402,
        "f1_macro_mean": 0.7099905933651273,
        "f1_macro_std": 0.00759387501255975,
        "f1_true_mean": 0.6888438301114596,
        "f1_true_std": 0.015731184891218934,
        "threshold_mean": 0.690539280573527,
        "threshold_std": 0.03288680987700013
    }
}