{
    "all_splits_metric": {
        "f1_false_mean": 0.7157948821512735,
        "f1_false_std": 0.013779278559419676,
        "f1_macro_mean": 0.6832475863234748,
        "f1_macro_std": 0.012231263977352096,
        "f1_true_mean": 0.6507002904956762,
        "f1_true_std": 0.013730528827656832,
        "threshold_mean": 0.6817162583271662,
        "threshold_std": 0.034647450808725076
    },
    "test_split_metric": {
        "f1_false_mean": 0.7272257971766657,
        "f1_false_std": 0.010747634810012499,
        "f1_macro_mean": 0.7087706683827273,
        "f1_macro_std": 0.010463297471012194,
        "f1_true_mean": 0.6903155395887889,
        "f1_true_std": 0.015823352340327727,
        "threshold_mean": 0.6812976251045862,
        "threshold_std": 0.039171758294291786
    }
}