{
    "all_splits_metric": {
        "f1_false_mean": 0.7176775160923065,
        "f1_false_std": 0.013358961437398616,
        "f1_macro_mean": 0.6832145110664681,
        "f1_macro_std": 0.01356864459647383,
        "f1_true_mean": 0.6487515060406298,
        "f1_true_std": 0.01533266921863292,
        "threshold_mean": 0.6874872048695883,
        "threshold_std": 0.03871648787886623
    },
    "test_split_metric": {
        "f1_false_mean": 0.7233142377345364,
        "f1_false_std": 0.013105276109931003,
        "f1_macro_mean": 0.7075507434003274,
        "f1_macro_std": 0.012582440792709251,
        "f1_true_mean": 0.6917872490661184,
        "f1_true_std": 0.015778305451450515,
        "threshold_mean": 0.6720559696356455,
        "threshold_std": 0.042620354764286945
    }
}