{
    "all_splits_metric": {
        "f1_false_mean": 0.7087972505786881,
        "f1_false_std": 0.01388278240121099,
        "f1_macro_mean": 0.6762455712033034,
        "f1_macro_std": 0.010394051028226133,
        "f1_true_mean": 0.6436938918279185,
        "f1_true_std": 0.00963852326660592,
        "threshold_mean": 0.691677321990331,
        "threshold_std": 0.035011987649776186
    },
    "test_split_metric": {
        "f1_false_mean": 0.721113466400495,
        "f1_false_std": 0.011483877651987683,
        "f1_macro_mean": 0.7049522834449689,
        "f1_macro_std": 0.011855960323344471,
        "f1_true_mean": 0.6887911004894427,
        "f1_true_std": 0.018773795621492742,
        "threshold_mean": 0.6887304385503134,
        "threshold_std": 0.03850835521903929
    }
}