{
    "all_splits_metric": {
        "threshold": 0.5912368297576904,
        "f1_macro": 0.596611169870145,
        "f1_true": 0.8802941629447097,
        "f1_false": 0.3129281767955801
    },
    "test_split_metric": {
        "threshold": 0.5788513422012329,
        "f1_macro": 0.6131700567090292,
        "f1_true": 0.8758958883440211,
        "f1_false": 0.3504442250740375
    }
}