{
    "epochs_trained_best_mean": 2.4507649624711516,
    "epochs_trained_best_std": 0.905855386880279,
    "epochs_trained_total_mean": 5.47324039624577,
    "epochs_trained_total_std": 0.9032042018328575,
    "test_ARGUMENT_DETECTION_TASK-f1_false_mean": 0.7529448728057456,
    "test_ARGUMENT_DETECTION_TASK-f1_false_std": 0.044638168823413,
    "test_ARGUMENT_DETECTION_TASK-f1_macro_mean": 0.7810068104381812,
    "test_ARGUMENT_DETECTION_TASK-f1_macro_std": 0.02434309544960803,
    "test_ARGUMENT_DETECTION_TASK-f1_micro_mean": 0.7860737380244066,
    "test_ARGUMENT_DETECTION_TASK-f1_micro_std": 0.019383260125021565,
    "test_ARGUMENT_DETECTION_TASK-f1_true_mean": 0.8090687480706168,
    "test_ARGUMENT_DETECTION_TASK-f1_true_std": 0.0089367530998107,
    "test_ARGUMENT_DETECTION_TASK-f1_weighted_mean": 0.7893504333875309,
    "test_ARGUMENT_DETECTION_TASK-f1_weighted_std": 0.01529308408812128,
    "test_ARGUMENT_DETECTION_TASK-precision_false_mean": 0.7324229405346427,
    "test_ARGUMENT_DETECTION_TASK-precision_false_std": 0.1309938635842663,
    "test_ARGUMENT_DETECTION_TASK-precision_macro_mean": 0.7848260694371402,
    "test_ARGUMENT_DETECTION_TASK-precision_macro_std": 0.025833806342179515,
    "test_ARGUMENT_DETECTION_TASK-precision_micro_mean": 0.7860737380244066,
    "test_ARGUMENT_DETECTION_TASK-precision_micro_std": 0.01938326012502157,
    "test_ARGUMENT_DETECTION_TASK-precision_true_mean": 0.8372291983396374,
    "test_ARGUMENT_DETECTION_TASK-precision_true_std": 0.08325157331503041,
    "test_ARGUMENT_DETECTION_TASK-precision_weighted_mean": 0.8134348299229787,
    "test_ARGUMENT_DETECTION_TASK-precision_weighted_std": 0.004332949211987701,
    "test_ARGUMENT_DETECTION_TASK-recall_false_mean": 0.8030273729911799,
    "test_ARGUMENT_DETECTION_TASK-recall_false_std": 0.06726834881453647,
    "test_ARGUMENT_DETECTION_TASK-recall_macro_mean": 0.8002566465895341,
    "test_ARGUMENT_DETECTION_TASK-recall_macro_std": 0.007524784198298775,
    "test_ARGUMENT_DETECTION_TASK-recall_micro_mean": 0.7860737380244066,
    "test_ARGUMENT_DETECTION_TASK-recall_micro_std": 0.01938326012502157,
    "test_ARGUMENT_DETECTION_TASK-recall_true_mean": 0.7974859201878886,
    "test_ARGUMENT_DETECTION_TASK-recall_true_std": 0.07682281905966655,
    "test_ARGUMENT_DETECTION_TASK-recall_weighted_mean": 0.7860737380244066,
    "test_ARGUMENT_DETECTION_TASK-recall_weighted_std": 0.01938326012502157,
    "test_ARGUMENT_DETECTION_TASK_loss_mean": 0.4783015102148056,
    "test_ARGUMENT_DETECTION_TASK_loss_std": 0.0271005884049429,
    "test_ARGUMENT_PROB_REGRESSION_TASK-mean_squared_error_mean": 0.045694600169857345,
    "test_ARGUMENT_PROB_REGRESSION_TASK-mean_squared_error_std": 0.00710732472726368,
    "test_ARGUMENT_PROB_REGRESSION_TASK-pearson_mean": 0.7538327655583065,
    "test_ARGUMENT_PROB_REGRESSION_TASK-pearson_std": 0.05139489285215688,
    "test_ARGUMENT_PROB_REGRESSION_TASK-root_mean_squared_error_mean": 0.21311226983865103,
    "test_ARGUMENT_PROB_REGRESSION_TASK-root_mean_squared_error_std": 0.016666182155840946,
    "test_ARGUMENT_PROB_REGRESSION_TASK-spearman_mean": 0.7416330338212157,
    "test_ARGUMENT_PROB_REGRESSION_TASK-spearman_std": 0.040419893380041774,
    "test_ARGUMENT_PROB_REGRESSION_TASK_loss_mean": 0.40355102717876434,
    "test_ARGUMENT_PROB_REGRESSION_TASK_loss_std": 0.007872600428688929,
    "test_STRENGTH_REGRESSION_TASK-mean_squared_error_mean": 0.027745474440356094,
    "test_STRENGTH_REGRESSION_TASK-mean_squared_error_std": 0.0016702073237774289,
    "test_STRENGTH_REGRESSION_TASK-pearson_mean": 0.53046263887017,
    "test_STRENGTH_REGRESSION_TASK-pearson_std": 0.011398478894920842,
    "test_STRENGTH_REGRESSION_TASK-root_mean_squared_error_mean": 0.16649446388085684,
    "test_STRENGTH_REGRESSION_TASK-root_mean_squared_error_std": 0.005006736298279963,
    "test_STRENGTH_REGRESSION_TASK-spearman_mean": 0.48070815260527416,
    "test_STRENGTH_REGRESSION_TASK-spearman_std": 0.013584886357985042,
    "test_STRENGTH_REGRESSION_TASK_loss_mean": 0.4604086975256602,
    "test_STRENGTH_REGRESSION_TASK_loss_std": 0.07433590179094293,
    "test_loss_mean": 1.3422612349192302,
    "test_loss_std": 0.08264018709433073
}