{
    "epochs_trained_best_mean": 2.686687105597717,
    "epochs_trained_best_std": 0.9302422394531343,
    "epochs_trained_total_mean": 5.709124523448625,
    "epochs_trained_total_std": 0.9305063131334892,
    "test_ARGUMENT_DETECTION_TASK-f1_false_mean": 0.7795978934846297,
    "test_ARGUMENT_DETECTION_TASK-f1_false_std": 0.044062034412651205,
    "test_ARGUMENT_DETECTION_TASK-f1_macro_mean": 0.79924809771504,
    "test_ARGUMENT_DETECTION_TASK-f1_macro_std": 0.025221529400695743,
    "test_ARGUMENT_DETECTION_TASK-f1_micro_mean": 0.802681824556651,
    "test_ARGUMENT_DETECTION_TASK-f1_micro_std": 0.020542167284555598,
    "test_ARGUMENT_DETECTION_TASK-f1_true_mean": 0.8188983019454502,
    "test_ARGUMENT_DETECTION_TASK-f1_true_std": 0.013325431822696375,
    "test_ARGUMENT_DETECTION_TASK-f1_weighted_mean": 0.8049362080324739,
    "test_ARGUMENT_DETECTION_TASK-f1_weighted_std": 0.016877584625583572,
    "test_ARGUMENT_DETECTION_TASK-precision_false_mean": 0.7831439049524156,
    "test_ARGUMENT_DETECTION_TASK-precision_false_std": 0.12784144707947137,
    "test_ARGUMENT_DETECTION_TASK-precision_macro_mean": 0.8039335142663658,
    "test_ARGUMENT_DETECTION_TASK-precision_macro_std": 0.02576622253058502,
    "test_ARGUMENT_DETECTION_TASK-precision_micro_mean": 0.802681824556651,
    "test_ARGUMENT_DETECTION_TASK-precision_micro_std": 0.020542167284555657,
    "test_ARGUMENT_DETECTION_TASK-precision_true_mean": 0.8247231235803162,
    "test_ARGUMENT_DETECTION_TASK-precision_true_std": 0.08599022768757777,
    "test_ARGUMENT_DETECTION_TASK-precision_weighted_mean": 0.8261409683451619,
    "test_ARGUMENT_DETECTION_TASK-precision_weighted_std": 0.004453972418607066,
    "test_ARGUMENT_DETECTION_TASK-recall_false_mean": 0.8018045427172042,
    "test_ARGUMENT_DETECTION_TASK-recall_false_std": 0.07125750420441539,
    "test_ARGUMENT_DETECTION_TASK-recall_macro_mean": 0.8153585752506881,
    "test_ARGUMENT_DETECTION_TASK-recall_macro_std": 0.007584598416379266,
    "test_ARGUMENT_DETECTION_TASK-recall_micro_mean": 0.802681824556651,
    "test_ARGUMENT_DETECTION_TASK-recall_micro_std": 0.020542167284555657,
    "test_ARGUMENT_DETECTION_TASK-recall_true_mean": 0.8289126077841719,
    "test_ARGUMENT_DETECTION_TASK-recall_true_std": 0.07627192790055498,
    "test_ARGUMENT_DETECTION_TASK-recall_weighted_mean": 0.802681824556651,
    "test_ARGUMENT_DETECTION_TASK-recall_weighted_std": 0.020542167284555657,
    "test_ARGUMENT_DETECTION_TASK_loss_mean": 0.4497991104920705,
    "test_ARGUMENT_DETECTION_TASK_loss_std": 0.04412198521266317,
    "test_ARGUMENT_PROB_REGRESSION_TASK-mean_squared_error_mean": 0.036618915696938835,
    "test_ARGUMENT_PROB_REGRESSION_TASK-mean_squared_error_std": 0.0027198162087925825,
    "test_ARGUMENT_PROB_REGRESSION_TASK-pearson_mean": 0.8120057655899459,
    "test_ARGUMENT_PROB_REGRESSION_TASK-pearson_std": 0.02174202442829176,
    "test_ARGUMENT_PROB_REGRESSION_TASK-root_mean_squared_error_mean": 0.19122683505217233,
    "test_ARGUMENT_PROB_REGRESSION_TASK-root_mean_squared_error_std": 0.007156344393946933,
    "test_ARGUMENT_PROB_REGRESSION_TASK-spearman_mean": 0.7976760419442573,
    "test_ARGUMENT_PROB_REGRESSION_TASK-spearman_std": 0.01415371594523071,
    "test_ARGUMENT_PROB_REGRESSION_TASK_loss_mean": 0.35246806343396503,
    "test_ARGUMENT_PROB_REGRESSION_TASK_loss_std": 0.03860926931789486,
    "test_STRENGTH_REGRESSION_TASK-mean_squared_error_mean": 0.026983879196147125,
    "test_STRENGTH_REGRESSION_TASK-mean_squared_error_std": 0.0015035909343400202,
    "test_STRENGTH_REGRESSION_TASK-pearson_mean": 0.5454560186252565,
    "test_STRENGTH_REGRESSION_TASK-pearson_std": 0.010702535069181318,
    "test_STRENGTH_REGRESSION_TASK-root_mean_squared_error_mean": 0.1642040659983953,
    "test_STRENGTH_REGRESSION_TASK-root_mean_squared_error_std": 0.004572030899167709,
    "test_STRENGTH_REGRESSION_TASK-spearman_mean": 0.49412268522430325,
    "test_STRENGTH_REGRESSION_TASK-spearman_std": 0.013570195325481793,
    "test_STRENGTH_REGRESSION_TASK_loss_mean": 0.4476679017146428,
    "test_STRENGTH_REGRESSION_TASK_loss_std": 0.06946754915068984,
    "test_loss_mean": 1.2499350756406784,
    "test_loss_std": 0.12045311620261084
}