{
    "epochs_trained_best_mean": 2.2525650624191513,
    "epochs_trained_best_std": 0.9145599922527025,
    "epochs_trained_total_mean": 5.278410117434508,
    "epochs_trained_total_std": 0.9145319447288198,
    "test_ARGUMENT_DETECTION_TASK-f1_false_mean": 0.7335961779125849,
    "test_ARGUMENT_DETECTION_TASK-f1_false_std": 0.04561720484437284,
    "test_ARGUMENT_DETECTION_TASK-f1_macro_mean": 0.7751616803015987,
    "test_ARGUMENT_DETECTION_TASK-f1_macro_std": 0.029833680881599458,
    "test_ARGUMENT_DETECTION_TASK-f1_micro_mean": 0.7833468067906223,
    "test_ARGUMENT_DETECTION_TASK-f1_micro_std": 0.02520500005269198,
    "test_ARGUMENT_DETECTION_TASK-f1_true_mean": 0.8167271826906126,
    "test_ARGUMENT_DETECTION_TASK-f1_true_std": 0.014201563908634727,
    "test_ARGUMENT_DETECTION_TASK-f1_weighted_mean": 0.7892806085746633,
    "test_ARGUMENT_DETECTION_TASK-f1_weighted_std": 0.021469464908438776,
    "test_ARGUMENT_DETECTION_TASK-precision_false_mean": 0.6394586894586894,
    "test_ARGUMENT_DETECTION_TASK-precision_false_std": 0.07763937886395196,
    "test_ARGUMENT_DETECTION_TASK-precision_macro_mean": 0.7759537823571566,
    "test_ARGUMENT_DETECTION_TASK-precision_macro_std": 0.027871730285859167,
    "test_ARGUMENT_DETECTION_TASK-precision_micro_mean": 0.7833468067906225,
    "test_ARGUMENT_DETECTION_TASK-precision_micro_std": 0.02520500005269203,
    "test_ARGUMENT_DETECTION_TASK-precision_true_mean": 0.9124488752556236,
    "test_ARGUMENT_DETECTION_TASK-precision_true_std": 0.023029200548295617,
    "test_ARGUMENT_DETECTION_TASK-precision_weighted_mean": 0.8221515376153056,
    "test_ARGUMENT_DETECTION_TASK-precision_weighted_std": 0.006503961291126996,
    "test_ARGUMENT_DETECTION_TASK-recall_false_mean": 0.8697830757868313,
    "test_ARGUMENT_DETECTION_TASK-recall_false_std": 0.017765642491297338,
    "test_ARGUMENT_DETECTION_TASK-recall_macro_mean": 0.8054382448667131,
    "test_ARGUMENT_DETECTION_TASK-recall_macro_std": 0.0128171806671093,
    "test_ARGUMENT_DETECTION_TASK-recall_micro_mean": 0.7833468067906225,
    "test_ARGUMENT_DETECTION_TASK-recall_micro_std": 0.02520500005269203,
    "test_ARGUMENT_DETECTION_TASK-recall_true_mean": 0.7410934139465949,
    "test_ARGUMENT_DETECTION_TASK-recall_true_std": 0.03823290219026492,
    "test_ARGUMENT_DETECTION_TASK-recall_weighted_mean": 0.7833468067906225,
    "test_ARGUMENT_DETECTION_TASK-recall_weighted_std": 0.02520500005269203,
    "test_ARGUMENT_DETECTION_TASK_loss_mean": 0.4685681362946828,
    "test_ARGUMENT_DETECTION_TASK_loss_std": 0.046520117364360576,
    "test_ARGUMENT_PROB_REGRESSION_TASK-mean_squared_error_mean": 0.045919050772984825,
    "test_ARGUMENT_PROB_REGRESSION_TASK-mean_squared_error_std": 0.00688960637664552,
    "test_ARGUMENT_PROB_REGRESSION_TASK-pearson_mean": 0.7470401881489663,
    "test_ARGUMENT_PROB_REGRESSION_TASK-pearson_std": 0.04463776313799442,
    "test_ARGUMENT_PROB_REGRESSION_TASK-root_mean_squared_error_mean": 0.21368049333492914,
    "test_ARGUMENT_PROB_REGRESSION_TASK-root_mean_squared_error_std": 0.016115142026891863,
    "test_ARGUMENT_PROB_REGRESSION_TASK-spearman_mean": 0.7427973590968854,
    "test_ARGUMENT_PROB_REGRESSION_TASK-spearman_std": 0.04156191764805851,
    "test_ARGUMENT_PROB_REGRESSION_TASK_loss_mean": 0.3955455919106801,
    "test_ARGUMENT_PROB_REGRESSION_TASK_loss_std": 0.010611469029348133,
    "test_STRENGTH_REGRESSION_TASK-mean_squared_error_mean": 0.028876093216240406,
    "test_STRENGTH_REGRESSION_TASK-mean_squared_error_std": 0.0007545869611178978,
    "test_STRENGTH_REGRESSION_TASK-pearson_mean": 0.529024346074121,
    "test_STRENGTH_REGRESSION_TASK-pearson_std": 0.011753237867760473,
    "test_STRENGTH_REGRESSION_TASK-root_mean_squared_error_mean": 0.16991515457630157,
    "test_STRENGTH_REGRESSION_TASK-root_mean_squared_error_std": 0.0022209230729850816,
    "test_STRENGTH_REGRESSION_TASK-spearman_mean": 0.4759888294318861,
    "test_STRENGTH_REGRESSION_TASK-spearman_std": 0.012238807678262674,
    "test_STRENGTH_REGRESSION_TASK_loss_mean": 0.5254660844802856,
    "test_STRENGTH_REGRESSION_TASK_loss_std": 0.013684570743731535,
    "test_loss_mean": 1.3895798126856487,
    "test_loss_std": 0.062032173704214495
}