{
    "epochs_trained_best_mean": 2.5687260340344342,
    "epochs_trained_best_std": 0.9256765727864993,
    "epochs_trained_total_mean": 5.5911824598471975,
    "epochs_trained_total_std": 0.9245108138153212,
    "test_ARGUMENT_DETECTION_TASK-f1_false_mean": 0.7662713831451877,
    "test_ARGUMENT_DETECTION_TASK-f1_false_std": 0.04630993817823389,
    "test_ARGUMENT_DETECTION_TASK-f1_macro_mean": 0.7901274540766107,
    "test_ARGUMENT_DETECTION_TASK-f1_macro_std": 0.026411021583207756,
    "test_ARGUMENT_DETECTION_TASK-f1_micro_mean": 0.7943777812905289,
    "test_ARGUMENT_DETECTION_TASK-f1_micro_std": 0.021628750298528295,
    "test_ARGUMENT_DETECTION_TASK-f1_true_mean": 0.8139835250080335,
    "test_ARGUMENT_DETECTION_TASK-f1_true_std": 0.01236411650538429,
    "test_ARGUMENT_DETECTION_TASK-f1_weighted_mean": 0.7971433207100023,
    "test_ARGUMENT_DETECTION_TASK-f1_weighted_std": 0.017891191538876867,
    "test_ARGUMENT_DETECTION_TASK-precision_false_mean": 0.7577834227435293,
    "test_ARGUMENT_DETECTION_TASK-precision_false_std": 0.1318884680399335,
    "test_ARGUMENT_DETECTION_TASK-precision_macro_mean": 0.7943797918517529,
    "test_ARGUMENT_DETECTION_TASK-precision_macro_std": 0.02751209731710594,
    "test_ARGUMENT_DETECTION_TASK-precision_micro_mean": 0.7943777812905289,
    "test_ARGUMENT_DETECTION_TASK-precision_micro_std": 0.021628750298528322,
    "test_ARGUMENT_DETECTION_TASK-precision_true_mean": 0.8309761609599767,
    "test_ARGUMENT_DETECTION_TASK-precision_true_std": 0.08486266749911947,
    "test_ARGUMENT_DETECTION_TASK-precision_weighted_mean": 0.8197878991340705,
    "test_ARGUMENT_DETECTION_TASK-precision_weighted_std": 0.007724483671457168,
    "test_ARGUMENT_DETECTION_TASK-recall_false_mean": 0.802415957854192,
    "test_ARGUMENT_DETECTION_TASK-recall_false_std": 0.0692943371229421,
    "test_ARGUMENT_DETECTION_TASK-recall_macro_mean": 0.8078076109201113,
    "test_ARGUMENT_DETECTION_TASK-recall_macro_std": 0.010681353730028806,
    "test_ARGUMENT_DETECTION_TASK-recall_micro_mean": 0.7943777812905289,
    "test_ARGUMENT_DETECTION_TASK-recall_micro_std": 0.021628750298528322,
    "test_ARGUMENT_DETECTION_TASK-recall_true_mean": 0.8131992639860303,
    "test_ARGUMENT_DETECTION_TASK-recall_true_std": 0.07814400444237203,
    "test_ARGUMENT_DETECTION_TASK-recall_weighted_mean": 0.7943777812905289,
    "test_ARGUMENT_DETECTION_TASK-recall_weighted_std": 0.021628750298528322,
    "test_ARGUMENT_DETECTION_TASK_loss_mean": 0.4640503103534381,
    "test_ARGUMENT_DETECTION_TASK_loss_std": 0.039289851526684835,
    "test_ARGUMENT_PROB_REGRESSION_TASK-mean_squared_error_mean": 0.04115675793339809,
    "test_ARGUMENT_PROB_REGRESSION_TASK-mean_squared_error_std": 0.00703901588698206,
    "test_ARGUMENT_PROB_REGRESSION_TASK-pearson_mean": 0.7829192655741259,
    "test_ARGUMENT_PROB_REGRESSION_TASK-pearson_std": 0.04902142186771863,
    "test_ARGUMENT_PROB_REGRESSION_TASK-root_mean_squared_error_mean": 0.20216955244541168,
    "test_ARGUMENT_PROB_REGRESSION_TASK-root_mean_squared_error_std": 0.01685913729455117,
    "test_ARGUMENT_PROB_REGRESSION_TASK-spearman_mean": 0.7696545378827365,
    "test_ARGUMENT_PROB_REGRESSION_TASK-spearman_std": 0.04125836179280434,
    "test_ARGUMENT_PROB_REGRESSION_TASK_loss_mean": 0.3780095453063647,
    "test_ARGUMENT_PROB_REGRESSION_TASK_loss_std": 0.03779806944307983,
    "test_STRENGTH_REGRESSION_TASK-mean_squared_error_mean": 0.02736467681825161,
    "test_STRENGTH_REGRESSION_TASK-mean_squared_error_std": 0.001634073416378548,
    "test_STRENGTH_REGRESSION_TASK-pearson_mean": 0.5379593287477132,
    "test_STRENGTH_REGRESSION_TASK-pearson_std": 0.013357961975262728,
    "test_STRENGTH_REGRESSION_TASK-root_mean_squared_error_mean": 0.16534926493962607,
    "test_STRENGTH_REGRESSION_TASK-root_mean_squared_error_std": 0.004929190406823955,
    "test_STRENGTH_REGRESSION_TASK-spearman_mean": 0.48741541891478873,
    "test_STRENGTH_REGRESSION_TASK-spearman_std": 0.015143879642030204,
    "test_STRENGTH_REGRESSION_TASK_loss_mean": 0.4540382996201515,
    "test_STRENGTH_REGRESSION_TASK_loss_std": 0.07222440937461946,
    "test_loss_mean": 1.2960981552799542,
    "test_loss_std": 0.1131379988542088
}