{
    "epochs_trained_best_mean": 2.8848870056497176,
    "epochs_trained_best_std": 0.8230545154707649,
    "epochs_trained_total_mean": 5.903954802259887,
    "epochs_trained_total_std": 0.823054515470765,
    "test_ARGUMENT_DETECTION_TASK-f1_false_mean": 0.7989465883777905,
    "test_ARGUMENT_DETECTION_TASK-f1_false_std": 0.008541270183338147,
    "test_ARGUMENT_DETECTION_TASK-f1_macro_mean": 0.8050932278516224,
    "test_ARGUMENT_DETECTION_TASK-f1_macro_std": 0.007555583221866453,
    "test_ARGUMENT_DETECTION_TASK-f1_micro_mean": 0.8054087557904351,
    "test_ARGUMENT_DETECTION_TASK-f1_micro_std": 0.007546446479026001,
    "test_ARGUMENT_DETECTION_TASK-f1_true_mean": 0.8112398673254545,
    "test_ARGUMENT_DETECTION_TASK-f1_true_std": 0.009434141270303596,
    "test_ARGUMENT_DETECTION_TASK-f1_weighted_mean": 0.8050060328453413,
    "test_ARGUMENT_DETECTION_TASK-f1_weighted_std": 0.007457014259102462,
    "test_ARGUMENT_DETECTION_TASK-precision_false_mean": 0.8761081560283688,
    "test_ARGUMENT_DETECTION_TASK-precision_false_std": 0.02756406790740394,
    "test_ARGUMENT_DETECTION_TASK-precision_macro_mean": 0.8128058013463494,
    "test_ARGUMENT_DETECTION_TASK-precision_macro_std": 0.007613277655138037,
    "test_ARGUMENT_DETECTION_TASK-precision_micro_mean": 0.8054087557904351,
    "test_ARGUMENT_DETECTION_TASK-precision_micro_std": 0.007546446479026007,
    "test_ARGUMENT_DETECTION_TASK-precision_true_mean": 0.7495034466643299,
    "test_ARGUMENT_DETECTION_TASK-precision_true_std": 0.02444164975688817,
    "test_ARGUMENT_DETECTION_TASK-precision_weighted_mean": 0.8174242606528349,
    "test_ARGUMENT_DETECTION_TASK-precision_weighted_std": 0.008115430349943645,
    "test_ARGUMENT_DETECTION_TASK-recall_false_mean": 0.7350488399215528,
    "test_ARGUMENT_DETECTION_TASK-recall_false_std": 0.014530488786928883,
    "test_ARGUMENT_DETECTION_TASK-recall_macro_mean": 0.8101769769735091,
    "test_ARGUMENT_DETECTION_TASK-recall_macro_std": 0.007257735443558818,
    "test_ARGUMENT_DETECTION_TASK-recall_micro_mean": 0.8054087557904351,
    "test_ARGUMENT_DETECTION_TASK-recall_micro_std": 0.007546446479026007,
    "test_ARGUMENT_DETECTION_TASK-recall_true_mean": 0.8853051140254656,
    "test_ARGUMENT_DETECTION_TASK-recall_true_std": 0.018780543944984105,
    "test_ARGUMENT_DETECTION_TASK-recall_weighted_mean": 0.8054087557904351,
    "test_ARGUMENT_DETECTION_TASK-recall_weighted_std": 0.007546446479026007,
    "test_ARGUMENT_DETECTION_TASK_loss_mean": 0.4595324844121933,
    "test_ARGUMENT_DETECTION_TASK_loss_std": 0.029705926073987775,
    "test_ARGUMENT_PROB_REGRESSION_TASK-mean_squared_error_mean": 0.036394465093811355,
    "test_ARGUMENT_PROB_REGRESSION_TASK-mean_squared_error_std": 0.0025039862438318,
    "test_ARGUMENT_PROB_REGRESSION_TASK-pearson_mean": 0.8187983429992859,
    "test_ARGUMENT_PROB_REGRESSION_TASK-pearson_std": 0.01546134897545412,
    "test_ARGUMENT_PROB_REGRESSION_TASK-root_mean_squared_error_mean": 0.19065861155589423,
    "test_ARGUMENT_PROB_REGRESSION_TASK-root_mean_squared_error_std": 0.006615111318959476,
    "test_ARGUMENT_PROB_REGRESSION_TASK-spearman_mean": 0.7965117166685878,
    "test_ARGUMENT_PROB_REGRESSION_TASK-spearman_std": 0.015313253488319417,
    "test_ARGUMENT_PROB_REGRESSION_TASK_loss_mean": 0.36047349870204926,
    "test_ARGUMENT_PROB_REGRESSION_TASK_loss_std": 0.046149311709596595,
    "test_STRENGTH_REGRESSION_TASK-mean_squared_error_mean": 0.025853260420262814,
    "test_STRENGTH_REGRESSION_TASK-mean_squared_error_std": 0.0004497013699357832,
    "test_STRENGTH_REGRESSION_TASK-pearson_mean": 0.5468943114213053,
    "test_STRENGTH_REGRESSION_TASK-pearson_std": 0.007685301889593331,
    "test_STRENGTH_REGRESSION_TASK-root_mean_squared_error_mean": 0.16078337530295053,
    "test_STRENGTH_REGRESSION_TASK-root_mean_squared_error_std": 0.001402369597763495,
    "test_STRENGTH_REGRESSION_TASK-spearman_mean": 0.4988420083976914,
    "test_STRENGTH_REGRESSION_TASK-spearman_std": 0.006910273034947936,
    "test_STRENGTH_REGRESSION_TASK_loss_mean": 0.3826105147600174,
    "test_STRENGTH_REGRESSION_TASK_loss_std": 0.00645029011237752,
    "test_loss_mean": 1.20261649787426,
    "test_loss_std": 0.06538182050362976
}