{
    "all_splits_metric": {
        "threshold": 0.2823738753795624,
        "f1_macro": 0.7085344904515438,
        "f1_true": 0.6846153846153845,
        "f1_false": 0.7324535962877031
    },
    "test_split_metric": {
        "threshold": 0.2710382044315338,
        "f1_macro": 0.75323353903645,
        "f1_true": 0.7530839231547016,
        "f1_false": 0.7533831549181983
    }
}