{
    "all_splits_metric": {
        "threshold": 0.16164615750312805,
        "f1_macro": 0.7187124545753214,
        "f1_true": 0.6906079755938113,
        "f1_false": 0.7468169335568315
    },
    "test_split_metric": {
        "threshold": 0.16110678017139435,
        "f1_macro": 0.7308774852115232,
        "f1_true": 0.7131782945736435,
        "f1_false": 0.748576675849403
    }
}