{
    "all_splits_metric": {
        "mean_squared_error": 0.11504527181386948,
        "root_mean_squared_error": 0.3391832411289215,
        "spearman": 0.2902528029205235,
        "pearson": 0.3012636037621129
    },
    "test_split_metric": {
        "mean_squared_error": 0.12334217131137848,
        "root_mean_squared_error": 0.35120102763175964,
        "spearman": 0.29665359761857657,
        "pearson": 0.3138946167380245
    }
}